Rainfall, Year, Element, Area
3.68, 2010, JUN, Anuppur
13.39912, 2010, JUL, Anuppur
9.782032, 2010, AUG, Anuppur
8.332526, 2010, SEP, Anuppur
1.451772, 2010, OCT, Anuppur
0.177238, 2010, NOV, Anuppur
0.799692, 2010, JUN, Ashoknagar
12.21466, 2010, JUL, Ashoknagar
8.286234, 2010, AUG, Ashoknagar
6.260466, 2010, SEP, Ashoknagar
0.267456, 2010, OCT, Ashoknagar
0.831193, 2010, NOV, Ashoknagar
4.437671, 2010, JUN, Balaghat
16.3876, 2010, JUL, Balaghat
16.1249, 2010, AUG, Balaghat
12.95923, 2010, SEP, Balaghat
1.698881, 2010, OCT, Balaghat
0.560686, 2010, NOV, Balaghat
4.333467, 2010, JUN, Barwani
7.529426, 2010, JUL, Barwani
10.63387, 2010, AUG, Barwani
5.368312, 2010, SEP, Barwani
1.044433, 2010, OCT, Barwani
1.204902, 2010, NOV, Barwani
4.536366, 2010, JUN, Betul
15.414, 2010, JUL, Betul
17.07473, 2010, AUG, Betul
9.245907, 2010, SEP, Betul
1.085629, 2010, OCT, Betul
1.406991, 2010, NOV, Betul
1.059728, 2010, JUN, Bhind
9.020712, 2010, JUL, Bhind
7.313843, 2010, AUG, Bhind
8.652809, 2010, SEP, Bhind
0.267121, 2010, OCT, Bhind
0.014344, 2010, NOV, Bhind
2.247953, 2010, JUN, Bhopal
13.56229, 2010, JUL, Bhopal
9.177147, 2010, AUG, Bhopal
6.402896, 2010, SEP, Bhopal
0.474477, 2010, OCT, Bhopal
0.738011, 2010, NOV, Bhopal
3.968318, 2010, JUN, Burhanpur
9.550824, 2010, JUL, Burhanpur
11.08036, 2010, AUG, Burhanpur
5.536529, 2010, SEP, Burhanpur
1.108223, 2010, OCT, Burhanpur
1.881348, 2010, NOV, Burhanpur
1.023601, 2010, JUN, Chhatarpur
11.38874, 2010, JUL, Chhatarpur
9.305043, 2010, AUG, Chhatarpur
5.732712, 2010, SEP, Chhatarpur
0.484187, 2010, OCT, Chhatarpur
0.310081, 2010, NOV, Chhatarpur
5.306782, 2010, JUN, Chhindwara
19.18211, 2010, JUL, Chhindwara
18.62793, 2010, AUG, Chhindwara
11.27447, 2010, SEP, Chhindwara
1.562794, 2010, OCT, Chhindwara
1.127876, 2010, NOV, Chhindwara
2.048676, 2010, JUN, Damoh
15.67519, 2010, JUL, Damoh
11.06042, 2010, AUG, Damoh
9.258741, 2010, SEP, Damoh
0.700226, 2010, OCT, Damoh
0.345664, 2010, NOV, Damoh
1.09302, 2010, JUN, Datia
9.016443, 2010, JUL, Datia
6.969758, 2010, AUG, Datia
6.573556, 2010, SEP, Datia
0.268032, 2010, OCT, Datia
0.16478, 2010, NOV, Datia
3.201138, 2010, JUN, Dewas
11.34452, 2010, JUL, Dewas
9.85965, 2010, AUG, Dewas
5.749623, 2010, SEP, Dewas
0.42022, 2010, OCT, Dewas
1.136085, 2010, NOV, Dewas
3.682018, 2010, JUN, Dhar
9.976734, 2010, JUL, Dhar
10.21897, 2010, AUG, Dhar
5.508499, 2010, SEP, Dhar
0.66145, 2010, OCT, Dhar
1.293205, 2010, NOV, Dhar
3.698671, 2010, JUN, Dindori
14.25121, 2010, JUL, Dindori
12.5441, 2010, AUG, Dindori
10.38634, 2010, SEP, Dindori
1.532601, 2010, OCT, Dindori
0.286026, 2010, NOV, Dindori
0.643578, 2010, JUN, Guna
11.25986, 2010, JUL, Guna
9.344761, 2010, AUG, Guna
5.194791, 2010, SEP, Guna
0.111667, 2010, OCT, Guna
1.150466, 2010, NOV, Guna
1.361065, 2010, JUN, Gwalior
8.670797, 2010, JUL, Gwalior
9.249199, 2010, AUG, Gwalior
6.284548, 2010, SEP, Gwalior
0.186854, 2010, OCT, Gwalior
0.249419, 2010, NOV, Gwalior
3.152411, 2010, JUN, Harda
14.29111, 2010, JUL, Harda
11.28447, 2010, AUG, Harda
6.762581, 2010, SEP, Harda
0.547939, 2010, OCT, Harda
1.113697, 2010, NOV, Harda
3.138302, 2010, JUN, Hoshangabad
19.3203, 2010, JUL, Hoshangabad
15.10059, 2010, AUG, Hoshangabad
10.02089, 2010, SEP, Hoshangabad
0.635875, 2010, OCT, Hoshangabad
0.749006, 2010, NOV, Hoshangabad
3.567949, 2010, JUN, Indore
10.49732, 2010, JUL, Indore
10.64467, 2010, AUG, Indore
5.143238, 2010, SEP, Indore
0.533428, 2010, OCT, Indore
1.964114, 2010, NOV, Indore
3.083129, 2010, JUN, Jabalpur
16.00613, 2010, JUL, Jabalpur
13.93112, 2010, AUG, Jabalpur
11.08534, 2010, SEP, Jabalpur
0.890273, 2010, OCT, Jabalpur
0.395782, 2010, NOV, Jabalpur
3.549103, 2010, JUN, Jhabua
11.50145, 2010, JUL, Jhabua
11.43926, 2010, AUG, Jhabua
6.220656, 2010, SEP, Jhabua
0.647337, 2010, OCT, Jhabua
0.572158, 2010, NOV, Jhabua
2.115978, 2010, JUN, Katni
14.33372, 2010, JUL, Katni
11.3439, 2010, AUG, Katni
9.237511, 2010, SEP, Katni
0.843944, 2010, OCT, Katni
0.319721, 2010, NOV, Katni
3.672349, 2010, JUN, Mandla
15.94477, 2010, JUL, Mandla
15.00182, 2010, AUG, Mandla
11.5601, 2010, SEP, Mandla
1.443408, 2010, OCT, Mandla
0.369744, 2010, NOV, Mandla
1.521754, 2010, JUN, Mandsaur
11.41346, 2010, JUL, Mandsaur
11.55612, 2010, AUG, Mandsaur
4.193098, 2010, SEP, Mandsaur
0.197697, 2010, OCT, Mandsaur
0.683982, 2010, NOV, Mandsaur
0.976574, 2010, JUN, Morena
7.721598, 2010, JUL, Morena
10.27046, 2010, AUG, Morena
7.197577, 2010, SEP, Morena
0.187138, 2010, OCT, Morena
0.318907, 2010, NOV, Morena
3.251204, 2010, JUN, Narsinghpur
18.79096, 2010, JUL, Narsinghpur
13.22269, 2010, AUG, Narsinghpur
10.73992, 2010, SEP, Narsinghpur
1.073669, 2010, OCT, Narsinghpur
0.47, 2010, NOV, Narsinghpur
1.08589, 2010, JUN, Neemuch
9.562049, 2010, JUL, Neemuch
13.6633, 2010, AUG, Neemuch
4.685579, 2010, SEP, Neemuch
0.215905, 2010, OCT, Neemuch
0.287615, 2010, NOV, Neemuch
1.079103, 2010, JUN, Panna
11.84426, 2010, JUL, Panna
9.821222, 2010, AUG, Panna
6.078757, 2010, SEP, Panna
0.730093, 2010, OCT, Panna
0.343136, 2010, NOV, Panna
2.875925, 2010, JUN, Raisen
17.03051, 2010, JUL, Raisen
10.30462, 2010, AUG, Raisen
8.188465, 2010, SEP, Raisen
0.530955, 2010, OCT, Raisen
0.602618, 2010, NOV, Raisen
1.108515, 2010, JUN, Rajgarh
12.01206, 2010, JUL, Rajgarh
9.279615, 2010, AUG, Rajgarh
5.248955, 2010, SEP, Rajgarh
0.232772, 2010, OCT, Rajgarh
1.569914, 2010, NOV, Rajgarh
2.390392, 2010, JUN, Ratlam
11.81002, 2010, JUL, Ratlam
9.727259, 2010, AUG, Ratlam
4.77066, 2010, SEP, Ratlam
0.461895, 2010, OCT, Ratlam
0.569928, 2010, NOV, Ratlam
0.695135, 2010, JUN, Rewa
7.872895, 2010, JUL, Rewa
6.489641, 2010, AUG, Rewa
7.265717, 2010, SEP, Rewa
0.817883, 2010, OCT, Rewa
0.280196, 2010, NOV, Rewa
2.264242, 2010, JUN, Sagar
15.11035, 2010, JUL, Sagar
9.151597, 2010, AUG, Sagar
7.537262, 2010, SEP, Sagar
0.559509, 2010, OCT, Sagar
0.61405, 2010, NOV, Sagar
1.123549, 2010, JUN, Satna
9.63857, 2010, JUL, Satna
8.055648, 2010, AUG, Satna
6.804492, 2010, SEP, Satna
1.025813, 2010, OCT, Satna
0.344093, 2010, NOV, Satna
2.563528, 2010, JUN, Sehore
13.21503, 2010, JUL, Sehore
10.75253, 2010, AUG, Sehore
6.417833, 2010, SEP, Sehore
0.494059, 2010, OCT, Sehore
0.76825, 2010, NOV, Sehore
4.716822, 2010, JUN, Seoni
17.58417, 2010, JUL, Seoni
16.54672, 2010, AUG, Seoni
12.33954, 2010, SEP, Seoni
1.576686, 2010, OCT, Seoni
0.682287, 2010, NOV, Seoni
2.623538, 2010, JUN, Shahdol
13.06365, 2010, JUL, Shahdol
10.13493, 2010, AUG, Shahdol
8.276728, 2010, SEP, Shahdol
1.326947, 2010, OCT, Shahdol
0.238773, 2010, NOV, Shahdol
1.572946, 2010, JUN, Shajapur
13.33203, 2010, JUL, Shajapur
10.07948, 2010, AUG, Shajapur
4.768061, 2010, SEP, Shajapur
0.245124, 2010, OCT, Shajapur
1.436226, 2010, NOV, Shajapur
0.647032, 2010, JUN, Sheopur
9.264121, 2010, JUL, Sheopur
10.96913, 2010, AUG, Sheopur
4.132137, 2010, SEP, Sheopur
0.202228, 2010, OCT, Sheopur
0.399008, 2010, NOV, Sheopur
0.752467, 2010, JUN, Shivpuri
9.559923, 2010, JUL, Shivpuri
8.93794, 2010, AUG, Shivpuri
5.284017, 2010, SEP, Shivpuri
0.172272, 2010, OCT, Shivpuri
0.630811, 2010, NOV, Shivpuri
1.156972, 2010, JUN, Sidhi
9.435773, 2010, JUL, Sidhi
8.42937, 2010, AUG, Sidhi
7.069141, 2010, SEP, Sidhi
1.165952, 2010, OCT, Sidhi
0.281439, 2010, NOV, Sidhi
0.684651, 2010, JUN, Tikamgarh
11.84906, 2010, JUL, Tikamgarh
7.919073, 2010, AUG, Tikamgarh
6.296398, 2010, SEP, Tikamgarh
0.292058, 2010, OCT, Tikamgarh
0.402803, 2010, NOV, Tikamgarh
2.212687, 2010, JUN, Ujjain
11.23688, 2010, JUL, Ujjain
9.204422, 2010, AUG, Ujjain
4.765738, 2010, SEP, Ujjain
0.270269, 2010, OCT, Ujjain
1.921334, 2010, NOV, Ujjain
2.046341, 2010, JUN, Umaria
13.77273, 2010, JUL, Umaria
10.77664, 2010, AUG, Umaria
8.658845, 2010, SEP, Umaria
0.86768, 2010, OCT, Umaria
0.245799, 2010, NOV, Umaria
2.055439, 2010, JUN, Vidisha
13.63428, 2010, JUL, Vidisha
7.57835, 2010, AUG, Vidisha
6.391455, 2010, SEP, Vidisha
0.328552, 2010, OCT, Vidisha
0.810525, 2010, NOV, Vidisha
7.769389, 2011, JUN, Anuppur
9.348433, 2011, JUL, Anuppur
14.4528, 2011, AUG, Anuppur
11.88041, 2011, SEP, Anuppur
0.821737, 2011, OCT, Anuppur
0, 2011, NOV, Anuppur
7.901649, 2011, JUN, Ashoknagar
13.0237, 2011, JUL, Ashoknagar
8.544753, 2011, AUG, Ashoknagar
7.204936, 2011, SEP, Ashoknagar
0, 2011, OCT, Ashoknagar
0.008637, 2011, NOV, Ashoknagar
6.776612, 2011, JUN, Balaghat
10.91888, 2011, JUL, Balaghat
19.80391, 2011, AUG, Balaghat
8.513394, 2011, SEP, Balaghat
0.416651, 2011, OCT, Balaghat
0.106264, 2011, NOV, Balaghat
3.33854, 2011, JUN, Barwani
8.796704, 2011, JUL, Barwani
12.73388, 2011, AUG, Barwani
4.72115, 2011, SEP, Barwani
0.40159, 2011, OCT, Barwani
0.090122, 2011, NOV, Barwani
4.863829, 2011, JUN, Betul
11.91562, 2011, JUL, Betul
12.1593, 2011, AUG, Betul
8.255394, 2011, SEP, Betul
0.297665, 2011, OCT, Betul
0.130278, 2011, NOV, Betul
4.540192, 2011, JUN, Bhind
9.199423, 2011, JUL, Bhind
8.300885, 2011, AUG, Bhind
6.002931, 2011, SEP, Bhind
0.241629, 2011, OCT, Bhind
0, 2011, NOV, Bhind
5.57626, 2011, JUN, Bhopal
14.42142, 2011, JUL, Bhopal
13.03536, 2011, AUG, Bhopal
7.781374, 2011, SEP, Bhopal
0, 2011, OCT, Bhopal
0.033241, 2011, NOV, Bhopal
3.267395, 2011, JUN, Burhanpur
8.555472, 2011, JUL, Burhanpur
9.686904, 2011, AUG, Burhanpur
4.811019, 2011, SEP, Burhanpur
0.390078, 2011, OCT, Burhanpur
0.007094, 2011, NOV, Burhanpur
7.547691, 2011, JUN, Chhatarpur
12.18211, 2011, JUL, Chhatarpur
11.04256, 2011, AUG, Chhatarpur
6.297509, 2011, SEP, Chhatarpur
0.077373, 2011, OCT, Chhatarpur
0.00281, 2011, NOV, Chhatarpur
6.004285, 2011, JUN, Chhindwara
14.17274, 2011, JUL, Chhindwara
16.01983, 2011, AUG, Chhindwara
9.993965, 2011, SEP, Chhindwara
0.418442, 2011, OCT, Chhindwara
0.208153, 2011, NOV, Chhindwara
8.397079, 2011, JUN, Damoh
14.6462, 2011, JUL, Damoh
10.3387, 2011, AUG, Damoh
7.020708, 2011, SEP, Damoh
0.1832, 2011, OCT, Damoh
0.028424, 2011, NOV, Damoh
5.245555, 2011, JUN, Datia
10.01097, 2011, JUL, Datia
7.556733, 2011, AUG, Datia
5.819148, 2011, SEP, Datia
0.221524, 2011, OCT, Datia
0, 2011, NOV, Datia
5.002813, 2011, JUN, Dewas
12.85938, 2011, JUL, Dewas
13.34889, 2011, AUG, Dewas
5.761767, 2011, SEP, Dewas
0.055425, 2011, OCT, Dewas
0.116283, 2011, NOV, Dewas
3.145563, 2011, JUN, Dhar
11.23606, 2011, JUL, Dhar
12.95789, 2011, AUG, Dhar
4.841648, 2011, SEP, Dhar
0.251778, 2011, OCT, Dhar
0.125758, 2011, NOV, Dhar
7.271405, 2011, JUN, Dindori
11.16327, 2011, JUL, Dindori
16.81155, 2011, AUG, Dindori
9.957416, 2011, SEP, Dindori
0.580226, 2011, OCT, Dindori
0.029801, 2011, NOV, Dindori
6.103411, 2011, JUN, Guna
12.91542, 2011, JUL, Guna
10.03012, 2011, AUG, Guna
6.944839, 2011, SEP, Guna
0, 2011, OCT, Guna
0.04287, 2011, NOV, Guna
4.332697, 2011, JUN, Gwalior
9.323061, 2011, JUL, Gwalior
6.648853, 2011, AUG, Gwalior
6.607948, 2011, SEP, Gwalior
0.184668, 2011, OCT, Gwalior
0, 2011, NOV, Gwalior
4.610546, 2011, JUN, Harda
12.00832, 2011, JUL, Harda
10.44556, 2011, AUG, Harda
7.257168, 2011, SEP, Harda
0.068508, 2011, OCT, Harda
0.110321, 2011, NOV, Harda
6.08907, 2011, JUN, Hoshangabad
17.21277, 2011, JUL, Hoshangabad
14.87454, 2011, AUG, Hoshangabad
9.454731, 2011, SEP, Hoshangabad
0.111925, 2011, OCT, Hoshangabad
0.135707, 2011, NOV, Hoshangabad
3.974468, 2011, JUN, Indore
11.82298, 2011, JUL, Indore
14.90821, 2011, AUG, Indore
4.249785, 2011, SEP, Indore
0.178663, 2011, OCT, Indore
0.192348, 2011, NOV, Indore
7.560341, 2011, JUN, Jabalpur
15.48306, 2011, JUL, Jabalpur
14.56701, 2011, AUG, Jabalpur
8.480786, 2011, SEP, Jabalpur
0.29602, 2011, OCT, Jabalpur
0.053596, 2011, NOV, Jabalpur
2.516352, 2011, JUN, Jhabua
12.32865, 2011, JUL, Jhabua
13.90393, 2011, AUG, Jhabua
5.480689, 2011, SEP, Jhabua
0.218796, 2011, OCT, Jhabua
0.09986, 2011, NOV, Jhabua
7.243288, 2011, JUN, Katni
12.85108, 2011, JUL, Katni
13.5395, 2011, AUG, Katni
7.881904, 2011, SEP, Katni
0.330299, 2011, OCT, Katni
0.014122, 2011, NOV, Katni
6.445348, 2011, JUN, Mandla
12.34736, 2011, JUL, Mandla
18.15118, 2011, AUG, Mandla
8.640852, 2011, SEP, Mandla
0.481024, 2011, OCT, Mandla
0.109365, 2011, NOV, Mandla
3.630949, 2011, JUN, Mandsaur
11.70413, 2011, JUL, Mandsaur
14.30126, 2011, AUG, Mandsaur
6.516437, 2011, SEP, Mandsaur
0.103002, 2011, OCT, Mandsaur
0.041065, 2011, NOV, Mandsaur
3.141524, 2011, JUN, Morena
7.681444, 2011, JUL, Morena
6.183178, 2011, AUG, Morena
6.788921, 2011, SEP, Morena
0.158959, 2011, OCT, Morena
0, 2011, NOV, Morena
7.35179, 2011, JUN, Narsinghpur
16.8151, 2011, JUL, Narsinghpur
14.57931, 2011, AUG, Narsinghpur
8.183415, 2011, SEP, Narsinghpur
0.262665, 2011, OCT, Narsinghpur
0.146398, 2011, NOV, Narsinghpur
2.922772, 2011, JUN, Neemuch
9.889147, 2011, JUL, Neemuch
12.36769, 2011, AUG, Neemuch
7.22134, 2011, SEP, Neemuch
0.171594, 2011, OCT, Neemuch
0.015316, 2011, NOV, Neemuch
7.231052, 2011, JUN, Panna
12.78924, 2011, JUL, Panna
10.63093, 2011, AUG, Panna
6.197616, 2011, SEP, Panna
0.277192, 2011, OCT, Panna
0.008848, 2011, NOV, Panna
6.994129, 2011, JUN, Raisen
16.28521, 2011, JUL, Raisen
12.29972, 2011, AUG, Raisen
7.776619, 2011, SEP, Raisen
0.003077, 2011, OCT, Raisen
0.165012, 2011, NOV, Raisen
5.12, 2011, JUN, Rajgarh
12.87296, 2011, JUL, Rajgarh
13.83014, 2011, AUG, Rajgarh
7.470425, 2011, SEP, Rajgarh
0.002753, 2011, OCT, Rajgarh
0.092965, 2011, NOV, Rajgarh
3.267261, 2011, JUN, Ratlam
11.75448, 2011, JUL, Ratlam
14.69915, 2011, AUG, Ratlam
4.949539, 2011, SEP, Ratlam
0.22367, 2011, OCT, Ratlam
0.031418, 2011, NOV, Ratlam
6.887418, 2011, JUN, Rewa
8.537787, 2011, JUL, Rewa
10.87833, 2011, AUG, Rewa
9.2138, 2011, SEP, Rewa
0.186848, 2011, OCT, Rewa
0, 2011, NOV, Rewa
9.078294, 2011, JUN, Sagar
14.60976, 2011, JUL, Sagar
9.413023, 2011, AUG, Sagar
6.740685, 2011, SEP, Sagar
0.047447, 2011, OCT, Sagar
0.075449, 2011, NOV, Sagar
7.933612, 2011, JUN, Satna
10.51853, 2011, JUL, Satna
11.17986, 2011, AUG, Satna
7.618124, 2011, SEP, Satna
0.35542, 2011, OCT, Satna
0, 2011, NOV, Satna
5.476018, 2011, JUN, Sehore
13.83366, 2011, JUL, Sehore
14.10729, 2011, AUG, Sehore
7.357256, 2011, SEP, Sehore
0.003419, 2011, OCT, Sehore
0.131675, 2011, NOV, Sehore
6.678864, 2011, JUN, Seoni
12.56466, 2011, JUL, Seoni
17.42018, 2011, AUG, Seoni
9.255367, 2011, SEP, Seoni
0.392718, 2011, OCT, Seoni
0.193023, 2011, NOV, Seoni
7.407892, 2011, JUN, Shahdol
10.46556, 2011, JUL, Shahdol
14.17511, 2011, AUG, Shahdol
10.43316, 2011, SEP, Shahdol
0.581557, 2011, OCT, Shahdol
0.000634, 2011, NOV, Shahdol
5.139676, 2011, JUN, Shajapur
14.0724, 2011, JUL, Shajapur
16.22302, 2011, AUG, Shajapur
6.791591, 2011, SEP, Shajapur
0.001339, 2011, OCT, Shajapur
0.156569, 2011, NOV, Shajapur
3.554656, 2011, JUN, Sheopur
9.511577, 2011, JUL, Sheopur
7.050703, 2011, AUG, Sheopur
6.695609, 2011, SEP, Sheopur
0.160426, 2011, OCT, Sheopur
0, 2011, NOV, Sheopur
5.443018, 2011, JUN, Shivpuri
10.46097, 2011, JUL, Shivpuri
7.695123, 2011, AUG, Shivpuri
7.025768, 2011, SEP, Shivpuri
0.062629, 2011, OCT, Shivpuri
0, 2011, NOV, Shivpuri
6.209143, 2011, JUN, Sidhi
8.452145, 2011, JUL, Sidhi
13.02419, 2011, AUG, Sidhi
10.25043, 2011, SEP, Sidhi
0.525643, 2011, OCT, Sidhi
0.038466, 2011, NOV, Sidhi
6.835815, 2011, JUN, Tikamgarh
12.16529, 2011, JUL, Tikamgarh
7.960221, 2011, AUG, Tikamgarh
6.352975, 2011, SEP, Tikamgarh
0.033751, 2011, OCT, Tikamgarh
0, 2011, NOV, Tikamgarh
4.128535, 2011, JUN, Ujjain
12.33024, 2011, JUL, Ujjain
14.91785, 2011, AUG, Ujjain
4.849082, 2011, SEP, Ujjain
0.069932, 2011, OCT, Ujjain
0.164385, 2011, NOV, Ujjain
7.267322, 2011, JUN, Umaria
11.43736, 2011, JUL, Umaria
14.76555, 2011, AUG, Umaria
9.052151, 2011, SEP, Umaria
0.370632, 2011, OCT, Umaria
0.001257, 2011, NOV, Umaria
6.695433, 2011, JUN, Vidisha
14.37542, 2011, JUL, Vidisha
9.414544, 2011, AUG, Vidisha
7.696986, 2011, SEP, Vidisha
0, 2011, OCT, Vidisha
0.057059, 2011, NOV, Vidisha
4.341515, 2012, JUN, Anuppur
17.57521, 2012, JUL, Anuppur
15.68118, 2012, AUG, Anuppur
7.16201, 2012, SEP, Anuppur
0.828041, 2012, OCT, Anuppur
0.784512, 2012, NOV, Anuppur
1.29178, 2012, JUN, Ashoknagar
11.6399, 2012, JUL, Ashoknagar
11.09563, 2012, AUG, Ashoknagar
4.587772, 2012, SEP, Ashoknagar
0.003176, 2012, OCT, Ashoknagar
0.169432, 2012, NOV, Ashoknagar
4.48, 2012, JUN, Balaghat
18.83175, 2012, JUL, Balaghat
15.35162, 2012, AUG, Balaghat
8.3536, 2012, SEP, Balaghat
0.648274, 2012, OCT, Balaghat
0.660269, 2012, NOV, Balaghat
2.587125, 2012, JUN, Barwani
9.818074, 2012, JUL, Barwani
7.228077, 2012, AUG, Barwani
8.01343, 2012, SEP, Barwani
0.636234, 2012, OCT, Barwani
0.08462, 2012, NOV, Barwani
4.136079, 2012, JUN, Betul
14.2222, 2012, JUL, Betul
13.22679, 2012, AUG, Betul
8.342193, 2012, SEP, Betul
0.954018, 2012, OCT, Betul
0.455514, 2012, NOV, Betul
0.565639, 2012, JUN, Bhind
9.365918, 2012, JUL, Bhind
10.26214, 2012, AUG, Bhind
4.812248, 2012, SEP, Bhind
0.24582, 2012, OCT, Bhind
0.030295, 2012, NOV, Bhind
1.704225, 2012, JUN, Bhopal
14.09236, 2012, JUL, Bhopal
12.14269, 2012, AUG, Bhopal
4.888785, 2012, SEP, Bhopal
0.081997, 2012, OCT, Bhopal
0.193467, 2012, NOV, Bhopal
4.649099, 2012, JUN, Burhanpur
10.20519, 2012, JUL, Burhanpur
9.199626, 2012, AUG, Burhanpur
6.844573, 2012, SEP, Burhanpur
1.198373, 2012, OCT, Burhanpur
0.292368, 2012, NOV, Burhanpur
1.445995, 2012, JUN, Chhatarpur
13.3458, 2012, JUL, Chhatarpur
15.73421, 2012, AUG, Chhatarpur
6.015621, 2012, SEP, Chhatarpur
0.099914, 2012, OCT, Chhatarpur
0.219299, 2012, NOV, Chhatarpur
5.128727, 2012, JUN, Chhindwara
17.34237, 2012, JUL, Chhindwara
14.93385, 2012, AUG, Chhindwara
7.937013, 2012, SEP, Chhindwara
1.02375, 2012, OCT, Chhindwara
0.41905, 2012, NOV, Chhindwara
2.559444, 2012, JUN, Damoh
14.82427, 2012, JUL, Damoh
17.22071, 2012, AUG, Damoh
4.582415, 2012, SEP, Damoh
0.270024, 2012, OCT, Damoh
0.255505, 2012, NOV, Damoh
0.755842, 2012, JUN, Datia
8.587429, 2012, JUL, Datia
10.21265, 2012, AUG, Datia
5.111199, 2012, SEP, Datia
0.224078, 2012, OCT, Datia
0.14, 2012, NOV, Datia
1.977059, 2012, JUN, Dewas
15.141, 2012, JUL, Dewas
9.555104, 2012, AUG, Dewas
6.56191, 2012, SEP, Dewas
0.289514, 2012, OCT, Dewas
0.219742, 2012, NOV, Dewas
1.628353, 2012, JUN, Dhar
11.79055, 2012, JUL, Dhar
7.744327, 2012, AUG, Dhar
8.462014, 2012, SEP, Dhar
0.490224, 2012, OCT, Dhar
0.160278, 2012, NOV, Dhar
4.402194, 2012, JUN, Dindori
17.76208, 2012, JUL, Dindori
17.17223, 2012, AUG, Dindori
5.982475, 2012, SEP, Dindori
0.827457, 2012, OCT, Dindori
0.670044, 2012, NOV, Dindori
0.705201, 2012, JUN, Guna
11.58229, 2012, JUL, Guna
10.78132, 2012, AUG, Guna
4.157194, 2012, SEP, Guna
0.00328, 2012, OCT, Guna
0.197498, 2012, NOV, Guna
0.695456, 2012, JUN, Gwalior
8.652195, 2012, JUL, Gwalior
10.90367, 2012, AUG, Gwalior
4.969331, 2012, SEP, Gwalior
0.184957, 2012, OCT, Gwalior
0.061056, 2012, NOV, Gwalior
3.218879, 2012, JUN, Harda
14.77642, 2012, JUL, Harda
10.92343, 2012, AUG, Harda
7.318119, 2012, SEP, Harda
0.631466, 2012, OCT, Harda
0.28227, 2012, NOV, Harda
3.700636, 2012, JUN, Hoshangabad
18.21827, 2012, JUL, Hoshangabad
15.12092, 2012, AUG, Hoshangabad
8.430281, 2012, SEP, Hoshangabad
0.651503, 2012, OCT, Hoshangabad
0.325288, 2012, NOV, Hoshangabad
1.98305, 2012, JUN, Indore
13.61137, 2012, JUL, Indore
8.413804, 2012, AUG, Indore
7.283939, 2012, SEP, Indore
0.420586, 2012, OCT, Indore
0.226436, 2012, NOV, Indore
3.097442, 2012, JUN, Jabalpur
16.89918, 2012, JUL, Jabalpur
15.92426, 2012, AUG, Jabalpur
4.956203, 2012, SEP, Jabalpur
0.676594, 2012, OCT, Jabalpur
0.330849, 2012, NOV, Jabalpur
1.280854, 2012, JUN, Jhabua
11.55071, 2012, JUL, Jhabua
9.277477, 2012, AUG, Jhabua
9.99381, 2012, SEP, Jhabua
0.461241, 2012, OCT, Jhabua
0.153103, 2012, NOV, Jhabua
2.369101, 2012, JUN, Katni
16.78876, 2012, JUL, Katni
15.97517, 2012, AUG, Katni
5.697291, 2012, SEP, Katni
0.550418, 2012, OCT, Katni
0.31449, 2012, NOV, Katni
3.894105, 2012, JUN, Mandla
18.31186, 2012, JUL, Mandla
16.42076, 2012, AUG, Mandla
6.072278, 2012, SEP, Mandla
0.751281, 2012, OCT, Mandla
0.423099, 2012, NOV, Mandla
0.527256, 2012, JUN, Mandsaur
9.409553, 2012, JUL, Mandsaur
11.60309, 2012, AUG, Mandsaur
5.32581, 2012, SEP, Mandsaur
0.07515, 2012, OCT, Mandsaur
0.208727, 2012, NOV, Mandsaur
0.521582, 2012, JUN, Morena
8.213749, 2012, JUL, Morena
11.72441, 2012, AUG, Morena
4.525314, 2012, SEP, Morena
0.159499, 2012, OCT, Morena
0.010453, 2012, NOV, Morena
3.328921, 2012, JUN, Narsinghpur
15.92032, 2012, JUL, Narsinghpur
15.35886, 2012, AUG, Narsinghpur
5.585638, 2012, SEP, Narsinghpur
0.703223, 2012, OCT, Narsinghpur
0.311265, 2012, NOV, Narsinghpur
0.322623, 2012, JUN, Neemuch
7.681278, 2012, JUL, Neemuch
11.76527, 2012, AUG, Neemuch
6.367989, 2012, SEP, Neemuch
0.155588, 2012, OCT, Neemuch
0.095137, 2012, NOV, Neemuch
1.586125, 2012, JUN, Panna
15.61531, 2012, JUL, Panna
15.90839, 2012, AUG, Panna
6.816365, 2012, SEP, Panna
0.326944, 2012, OCT, Panna
0.250521, 2012, NOV, Panna
2.94631, 2012, JUN, Raisen
14.99751, 2012, JUL, Raisen
14.46504, 2012, AUG, Raisen
5.205498, 2012, SEP, Raisen
0.160588, 2012, OCT, Raisen
0.245434, 2012, NOV, Raisen
0.867812, 2012, JUN, Rajgarh
12.48983, 2012, JUL, Rajgarh
11.21461, 2012, AUG, Rajgarh
4.492878, 2012, SEP, Rajgarh
0.099078, 2012, OCT, Rajgarh
0.243701, 2012, NOV, Rajgarh
0.977385, 2012, JUN, Ratlam
11.21736, 2012, JUL, Ratlam
9.090813, 2012, AUG, Ratlam
7.753785, 2012, SEP, Ratlam
0.198238, 2012, OCT, Ratlam
0.189648, 2012, NOV, Ratlam
1.313297, 2012, JUN, Rewa
13.33718, 2012, JUL, Rewa
11.20599, 2012, AUG, Rewa
9.609922, 2012, SEP, Rewa
0.50989, 2012, OCT, Rewa
0.249636, 2012, NOV, Rewa
2.548351, 2012, JUN, Sagar
12.92832, 2012, JUL, Sagar
15.27045, 2012, AUG, Sagar
4.086937, 2012, SEP, Sagar
0.138764, 2012, OCT, Sagar
0.236781, 2012, NOV, Sagar
1.76222, 2012, JUN, Satna
14.60532, 2012, JUL, Satna
13.78998, 2012, AUG, Satna
7.902204, 2012, SEP, Satna
0.568935, 2012, OCT, Satna
0.26672, 2012, NOV, Satna
2.18799, 2012, JUN, Sehore
15.23508, 2012, JUL, Sehore
12.01645, 2012, AUG, Sehore
5.850683, 2012, SEP, Sehore
0.175928, 2012, OCT, Sehore
0.227156, 2012, NOV, Sehore
4.528033, 2012, JUN, Seoni
18.02083, 2012, JUL, Seoni
13.8014, 2012, AUG, Seoni
6.644231, 2012, SEP, Seoni
0.870756, 2012, OCT, Seoni
0.455652, 2012, NOV, Seoni
3.176273, 2012, JUN, Shahdol
17.84128, 2012, JUL, Shahdol
15.264, 2012, AUG, Shahdol
8.28824, 2012, SEP, Shahdol
0.721618, 2012, OCT, Shahdol
0.546739, 2012, NOV, Shahdol
0.986363, 2012, JUN, Shajapur
14.48691, 2012, JUL, Shajapur
11.32241, 2012, AUG, Shajapur
5.327792, 2012, SEP, Shajapur
0.201199, 2012, OCT, Shajapur
0.226607, 2012, NOV, Shajapur
0.597397, 2012, JUN, Sheopur
10.43453, 2012, JUL, Sheopur
13.19132, 2012, AUG, Sheopur
3.948224, 2012, SEP, Sheopur
0.160676, 2012, OCT, Sheopur
0.047775, 2012, NOV, Sheopur
0.792239, 2012, JUN, Shivpuri
10.32685, 2012, JUL, Shivpuri
11.70339, 2012, AUG, Shivpuri
4.697316, 2012, SEP, Shivpuri
0.060422, 2012, OCT, Shivpuri
0.1351, 2012, NOV, Shivpuri
1.862313, 2012, JUN, Sidhi
14.49494, 2012, JUL, Sidhi
12.61196, 2012, AUG, Sidhi
10.54997, 2012, SEP, Sidhi
0.612784, 2012, OCT, Sidhi
0.3627, 2012, NOV, Sidhi
1.257029, 2012, JUN, Tikamgarh
11.80012, 2012, JUL, Tikamgarh
13.2197, 2012, AUG, Tikamgarh
4.540815, 2012, SEP, Tikamgarh
0.026065, 2012, OCT, Tikamgarh
0.2037, 2012, NOV, Tikamgarh
0.977926, 2012, JUN, Ujjain
12.38247, 2012, JUL, Ujjain
8.657139, 2012, AUG, Ujjain
7.102669, 2012, SEP, Ujjain
0.151329, 2012, OCT, Ujjain
0.189864, 2012, NOV, Ujjain
2.282833, 2012, JUN, Umaria
17.98934, 2012, JUL, Umaria
15.2775, 2012, AUG, Umaria
7.427094, 2012, SEP, Umaria
0.5685, 2012, OCT, Umaria
0.363872, 2012, NOV, Umaria
1.786875, 2012, JUN, Vidisha
12.63659, 2012, JUL, Vidisha
10.87585, 2012, AUG, Vidisha
4.250163, 2012, SEP, Vidisha
0.014438, 2012, OCT, Vidisha
0.218227, 2012, NOV, Vidisha
9.886767, 2013, JUN, Anuppur
11.24289, 2013, JUL, Anuppur
14.50852, 2013, AUG, Anuppur
5.105857, 2013, SEP, Anuppur
5.398367, 2013, OCT, Anuppur
0.002829, 2013, NOV, Anuppur
10.2991, 2013, JUN, Ashoknagar
17.2102, 2013, JUL, Ashoknagar
14.55709, 2013, AUG, Ashoknagar
2.488688, 2013, SEP, Ashoknagar
1.943592, 2013, OCT, Ashoknagar
0, 2013, NOV, Ashoknagar
12.19575, 2013, JUN, Balaghat
17.91976, 2013, JUL, Balaghat
18.15364, 2013, AUG, Balaghat
6.778593, 2013, SEP, Balaghat
5.698166, 2013, OCT, Balaghat
0.120066, 2013, NOV, Balaghat
10.7, 2013, JUN, Barwani
11.01187, 2013, JUL, Barwani
6.731583, 2013, AUG, Barwani
7.692189, 2013, SEP, Barwani
1.589998, 2013, OCT, Barwani
0.011788, 2013, NOV, Barwani
15.59564, 2013, JUN, Betul
18.31631, 2013, JUL, Betul
16.23248, 2013, AUG, Betul
4.356895, 2013, SEP, Betul
2.91921, 2013, OCT, Betul
0.088206, 2013, NOV, Betul
6.526144, 2013, JUN, Bhind
7.823826, 2013, JUL, Bhind
11.10035, 2013, AUG, Bhind
2.297973, 2013, SEP, Bhind
3.404688, 2013, OCT, Bhind
0, 2013, NOV, Bhind
11.33386, 2013, JUN, Bhopal
23.68033, 2013, JUL, Bhopal
14.23813, 2013, AUG, Bhopal
2.291715, 2013, SEP, Bhopal
1.466859, 2013, OCT, Bhopal
0, 2013, NOV, Bhopal
11.22238, 2013, JUN, Burhanpur
9.834427, 2013, JUL, Burhanpur
6.616842, 2013, AUG, Burhanpur
5.928697, 2013, SEP, Burhanpur
2.624068, 2013, OCT, Burhanpur
0.044423, 2013, NOV, Burhanpur
10.0209, 2013, JUN, Chhatarpur
13.98867, 2013, JUL, Chhatarpur
19.07838, 2013, AUG, Chhatarpur
2.267904, 2013, SEP, Chhatarpur
2.371408, 2013, OCT, Chhatarpur
0.018495, 2013, NOV, Chhatarpur
17.55668, 2013, JUN, Chhindwara
19.02734, 2013, JUL, Chhindwara
21.51269, 2013, AUG, Chhindwara
4.304738, 2013, SEP, Chhindwara
3.534414, 2013, OCT, Chhindwara
0.224238, 2013, NOV, Chhindwara
13.29973, 2013, JUN, Damoh
18.28137, 2013, JUL, Damoh
22.36986, 2013, AUG, Damoh
2.501845, 2013, SEP, Damoh
2.683006, 2013, OCT, Damoh
0.00223, 2013, NOV, Damoh
6.521822, 2013, JUN, Datia
9.52777, 2013, JUL, Datia
12.0718, 2013, AUG, Datia
2.269076, 2013, SEP, Datia
2.917423, 2013, OCT, Datia
0.024611, 2013, NOV, Datia
13.24592, 2013, JUN, Dewas
19.87468, 2013, JUL, Dewas
11.47463, 2013, AUG, Dewas
3.840898, 2013, SEP, Dewas
2.319424, 2013, OCT, Dewas
0, 2013, NOV, Dewas
9.605325, 2013, JUN, Dhar
16.12881, 2013, JUL, Dhar
7.994462, 2013, AUG, Dhar
7.339185, 2013, SEP, Dhar
2.446249, 2013, OCT, Dhar
0, 2013, NOV, Dhar
10.64207, 2013, JUN, Dindori
12.9628, 2013, JUL, Dindori
17.36429, 2013, AUG, Dindori
5.365672, 2013, SEP, Dindori
5.1117, 2013, OCT, Dindori
0.065985, 2013, NOV, Dindori
9.665225, 2013, JUN, Guna
18.85003, 2013, JUL, Guna
13.99105, 2013, AUG, Guna
2.42615, 2013, SEP, Guna
1.769997, 2013, OCT, Guna
0.014581, 2013, NOV, Guna
5.58964, 2013, JUN, Gwalior
8.923148, 2013, JUL, Gwalior
12.24079, 2013, AUG, Gwalior
2.060281, 2013, SEP, Gwalior
3.122927, 2013, OCT, Gwalior
0, 2013, NOV, Gwalior
13.63859, 2013, JUN, Harda
22.23885, 2013, JUL, Harda
11.26271, 2013, AUG, Harda
4.645937, 2013, SEP, Harda
2.287896, 2013, OCT, Harda
0, 2013, NOV, Harda
15.31828, 2013, JUN, Hoshangabad
25.59955, 2013, JUL, Hoshangabad
19.97736, 2013, AUG, Hoshangabad
4.116073, 2013, SEP, Hoshangabad
2.641563, 2013, OCT, Hoshangabad
0.027462, 2013, NOV, Hoshangabad
11.42245, 2013, JUN, Indore
16.40814, 2013, JUL, Indore
10.02756, 2013, AUG, Indore
4.873899, 2013, SEP, Indore
2.595599, 2013, OCT, Indore
0, 2013, NOV, Indore
13.85605, 2013, JUN, Jabalpur
18.2384, 2013, JUL, Jabalpur
23.17688, 2013, AUG, Jabalpur
3.374605, 2013, SEP, Jabalpur
3.668379, 2013, OCT, Jabalpur
0.073363, 2013, NOV, Jabalpur
7.39216, 2013, JUN, Jhabua
18.78419, 2013, JUL, Jhabua
8.378305, 2013, AUG, Jhabua
8.366625, 2013, SEP, Jhabua
2.157953, 2013, OCT, Jhabua
0, 2013, NOV, Jhabua
10.6724, 2013, JUN, Katni
18.38082, 2013, JUL, Katni
22.02146, 2013, AUG, Katni
3.40193, 2013, SEP, Katni
3.800947, 2013, OCT, Katni
0.00312, 2013, NOV, Katni
11.27679, 2013, JUN, Mandla
15.39998, 2013, JUL, Mandla
20.40675, 2013, AUG, Mandla
5.045989, 2013, SEP, Mandla
5.06949, 2013, OCT, Mandla
0.126, 2013, NOV, Mandla
5.934383, 2013, JUN, Mandsaur
20.03131, 2013, JUL, Mandsaur
12.31489, 2013, AUG, Mandsaur
3.841072, 2013, SEP, Mandsaur
1.90179, 2013, OCT, Mandsaur
0.078274, 2013, NOV, Mandsaur
4.486221, 2013, JUN, Morena
7.418209, 2013, JUL, Morena
11.80411, 2013, AUG, Morena
1.986957, 2013, SEP, Morena
3.035582, 2013, OCT, Morena
0, 2013, NOV, Morena
16.95843, 2013, JUN, Narsinghpur
20.07154, 2013, JUL, Narsinghpur
20.98535, 2013, AUG, Narsinghpur
2.729749, 2013, SEP, Narsinghpur
2.943122, 2013, OCT, Narsinghpur
0.082736, 2013, NOV, Narsinghpur
5.445365, 2013, JUN, Neemuch
19.39558, 2013, JUL, Neemuch
12.37129, 2013, AUG, Neemuch
3.496598, 2013, SEP, Neemuch
1.96495, 2013, OCT, Neemuch
0.041216, 2013, NOV, Neemuch
9.925251, 2013, JUN, Panna
17.38303, 2013, JUL, Panna
19.41471, 2013, AUG, Panna
2.423475, 2013, SEP, Panna
3.385615, 2013, OCT, Panna
0.002037, 2013, NOV, Panna
14.5961, 2013, JUN, Raisen
24.43674, 2013, JUL, Raisen
17.33363, 2013, AUG, Raisen
2.090966, 2013, SEP, Raisen
2.017416, 2013, OCT, Raisen
0.005976, 2013, NOV, Raisen
9.619303, 2013, JUN, Rajgarh
22.5833, 2013, JUL, Rajgarh
13.55985, 2013, AUG, Rajgarh
3.350394, 2013, SEP, Rajgarh
1.498092, 2013, OCT, Rajgarh
0.000774, 2013, NOV, Rajgarh
6.271407, 2013, JUN, Ratlam
19.22595, 2013, JUL, Ratlam
9.644915, 2013, AUG, Ratlam
7.280696, 2013, SEP, Ratlam
2.923766, 2013, OCT, Ratlam
0.000486, 2013, NOV, Ratlam
7.856075, 2013, JUN, Rewa
9.812065, 2013, JUL, Rewa
11.22129, 2013, AUG, Rewa
3.574308, 2013, SEP, Rewa
3.791519, 2013, OCT, Rewa
0.002022, 2013, NOV, Rewa
14.47197, 2013, JUN, Sagar
18.40757, 2013, JUL, Sagar
17.72375, 2013, AUG, Sagar
2.011864, 2013, SEP, Sagar
2.191181, 2013, OCT, Sagar
0.047311, 2013, NOV, Sagar
9.738658, 2013, JUN, Satna
13.95261, 2013, JUL, Satna
15.00239, 2013, AUG, Satna
3.077178, 2013, SEP, Satna
4.036564, 2013, OCT, Satna
0, 2013, NOV, Satna
12.75603, 2013, JUN, Sehore
23.48872, 2013, JUL, Sehore
14.70977, 2013, AUG, Sehore
2.688764, 2013, SEP, Sehore
2.080458, 2013, OCT, Sehore
0.005875, 2013, NOV, Sehore
15.21477, 2013, JUN, Seoni
18.21263, 2013, JUL, Seoni
19.80053, 2013, AUG, Seoni
4.405641, 2013, SEP, Seoni
4.487949, 2013, OCT, Seoni
0.20079, 2013, NOV, Seoni
9.291291, 2013, JUN, Shahdol
13.53647, 2013, JUL, Shahdol
15.50106, 2013, AUG, Shahdol
3.900558, 2013, SEP, Shahdol
3.993012, 2013, OCT, Shahdol
0.008146, 2013, NOV, Shahdol
10.02425, 2013, JUN, Shajapur
23.10893, 2013, JUL, Shajapur
12.92747, 2013, AUG, Shajapur
3.445844, 2013, SEP, Shajapur
1.702267, 2013, OCT, Shajapur
0, 2013, NOV, Shajapur
6.029148, 2013, JUN, Sheopur
12.36191, 2013, JUL, Sheopur
12.03858, 2013, AUG, Sheopur
2.229202, 2013, SEP, Sheopur
2.402792, 2013, OCT, Sheopur
0, 2013, NOV, Sheopur
7.046956, 2013, JUN, Shivpuri
12.69741, 2013, JUL, Shivpuri
13.72976, 2013, AUG, Shivpuri
2.855463, 2013, SEP, Shivpuri
2.626085, 2013, OCT, Shivpuri
0.030212, 2013, NOV, Shivpuri
6.753826, 2013, JUN, Sidhi
10.14851, 2013, JUL, Sidhi
13.09489, 2013, AUG, Sidhi
3.978969, 2013, SEP, Sidhi
4.879194, 2013, OCT, Sidhi
0.074245, 2013, NOV, Sidhi
8.672393, 2013, JUN, Tikamgarh
13.62788, 2013, JUL, Tikamgarh
16.46412, 2013, AUG, Tikamgarh
2.345916, 2013, SEP, Tikamgarh
2.19105, 2013, OCT, Tikamgarh
0.069481, 2013, NOV, Tikamgarh
8.472958, 2013, JUN, Ujjain
17.83549, 2013, JUL, Ujjain
10.2049, 2013, AUG, Ujjain
4.949471, 2013, SEP, Ujjain
2.073149, 2013, OCT, Ujjain
0.002363, 2013, NOV, Ujjain
9.039755, 2013, JUN, Umaria
16.16502, 2013, JUL, Umaria
18.67909, 2013, AUG, Umaria
3.675797, 2013, SEP, Umaria
3.310694, 2013, OCT, Umaria
0.002083, 2013, NOV, Umaria
12.35776, 2013, JUN, Vidisha
21.60179, 2013, JUL, Vidisha
14.1521, 2013, AUG, Vidisha
2.51312, 2013, SEP, Vidisha
1.408894, 2013, OCT, Vidisha
0, 2013, NOV, Vidisha
3.813846, 2014, JUN, Anuppur
10.88023, 2014, JUL, Anuppur
9.079673, 2014, AUG, Anuppur
8.34949, 2014, SEP, Anuppur
3.683356, 2014, OCT, Anuppur
0.00424, 2014, NOV, Anuppur
1.345011, 2014, JUN, Ashoknagar
9.704354, 2014, JUL, Ashoknagar
6.809496, 2014, AUG, Ashoknagar
4.866021, 2014, SEP, Ashoknagar
0.221992, 2014, OCT, Ashoknagar
0.003125, 2014, NOV, Ashoknagar
4.10128, 2014, JUN, Balaghat
15.62753, 2014, JUL, Balaghat
10.27694, 2014, AUG, Balaghat
8.138797, 2014, SEP, Balaghat
2.489777, 2014, OCT, Balaghat
0.177, 2014, NOV, Balaghat
0.902689, 2014, JUN, Barwani
9.998042, 2014, JUL, Barwani
7.128026, 2014, AUG, Barwani
5.339499, 2014, SEP, Barwani
0.513971, 2014, OCT, Barwani
0.325365, 2014, NOV, Barwani
2.89399, 2014, JUN, Betul
12.97129, 2014, JUL, Betul
8.877336, 2014, AUG, Betul
5.322525, 2014, SEP, Betul
0.525742, 2014, OCT, Betul
0.45, 2014, NOV, Betul
0.700256, 2014, JUN, Bhind
6.219067, 2014, JUL, Bhind
6.042899, 2014, AUG, Bhind
3.534677, 2014, SEP, Bhind
0.46696, 2014, OCT, Bhind
0, 2014, NOV, Bhind
1.71357, 2014, JUN, Bhopal
15.49466, 2014, JUL, Bhopal
9.184028, 2014, AUG, Bhopal
6.368354, 2014, SEP, Bhopal
0.357803, 2014, OCT, Bhopal
0.161787, 2014, NOV, Bhopal
0.843585, 2014, JUN, Burhanpur
9.526387, 2014, JUL, Burhanpur
6.21482, 2014, AUG, Burhanpur
5.361292, 2014, SEP, Burhanpur
0.343122, 2014, OCT, Burhanpur
0.473152, 2014, NOV, Burhanpur
1.646999, 2014, JUN, Chhatarpur
8.897097, 2014, JUL, Chhatarpur
6.122836, 2014, AUG, Chhatarpur
6.0389, 2014, SEP, Chhatarpur
0.776617, 2014, OCT, Chhatarpur
0.167842, 2014, NOV, Chhatarpur
4.38171, 2014, JUN, Chhindwara
15.524, 2014, JUL, Chhindwara
8.65986, 2014, AUG, Chhindwara
5.956834, 2014, SEP, Chhindwara
1.077854, 2014, OCT, Chhindwara
0.510948, 2014, NOV, Chhindwara
3.062585, 2014, JUN, Damoh
12.37278, 2014, JUL, Damoh
6.726351, 2014, AUG, Damoh
6.23633, 2014, SEP, Damoh
0.696441, 2014, OCT, Damoh
0.181089, 2014, NOV, Damoh
1.045219, 2014, JUN, Datia
6.520766, 2014, JUL, Datia
7.105973, 2014, AUG, Datia
4.578719, 2014, SEP, Datia
0.360604, 2014, OCT, Datia
0.002882, 2014, NOV, Datia
0.941796, 2014, JUN, Dewas
12.68463, 2014, JUL, Dewas
8.548862, 2014, AUG, Dewas
5.769111, 2014, SEP, Dewas
0.417866, 2014, OCT, Dewas
0.233014, 2014, NOV, Dewas
0.976349, 2014, JUN, Dhar
10.33666, 2014, JUL, Dhar
6.217688, 2014, AUG, Dhar
5.758277, 2014, SEP, Dhar
0.637676, 2014, OCT, Dhar
0.171751, 2014, NOV, Dhar
3.94, 2014, JUN, Dindori
13.04494, 2014, JUL, Dindori
9.956243, 2014, AUG, Dindori
7.481427, 2014, SEP, Dindori
2.536867, 2014, OCT, Dindori
0.168388, 2014, NOV, Dindori
1.141382, 2014, JUN, Guna
10.6179, 2014, JUL, Guna
7.808906, 2014, AUG, Guna
4.913186, 2014, SEP, Guna
0.108932, 2014, OCT, Guna
0.026485, 2014, NOV, Guna
0.938157, 2014, JUN, Gwalior
6.4366, 2014, JUL, Gwalior
7.605299, 2014, AUG, Gwalior
4.333649, 2014, SEP, Gwalior
0.303281, 2014, OCT, Gwalior
0, 2014, NOV, Gwalior
1.389732, 2014, JUN, Harda
14.26168, 2014, JUL, Harda
7.453111, 2014, AUG, Harda
6.568144, 2014, SEP, Harda
0.383283, 2014, OCT, Harda
0.3018, 2014, NOV, Harda
2.869606, 2014, JUN, Hoshangabad
17.21879, 2014, JUL, Hoshangabad
9.482628, 2014, AUG, Hoshangabad
7.631533, 2014, SEP, Hoshangabad
0.534949, 2014, OCT, Hoshangabad
0.281925, 2014, NOV, Hoshangabad
1.048789, 2014, JUN, Indore
9.865926, 2014, JUL, Indore
8.351525, 2014, AUG, Indore
5.467655, 2014, SEP, Indore
0.557641, 2014, OCT, Indore
0.233805, 2014, NOV, Indore
3.881638, 2014, JUN, Jabalpur
15.35436, 2014, JUL, Jabalpur
7.906167, 2014, AUG, Jabalpur
6.322042, 2014, SEP, Jabalpur
1.204777, 2014, OCT, Jabalpur
0.23318, 2014, NOV, Jabalpur
0.768109, 2014, JUN, Jhabua
11.1942, 2014, JUL, Jhabua
7.184674, 2014, AUG, Jhabua
5.756386, 2014, SEP, Jhabua
0.541047, 2014, OCT, Jhabua
0.0878, 2014, NOV, Jhabua
3.034728, 2014, JUN, Katni
11.8968, 2014, JUL, Katni
6.401092, 2014, AUG, Katni
7.398091, 2014, SEP, Katni
1.583836, 2014, OCT, Katni
0.174348, 2014, NOV, Katni
3.932477, 2014, JUN, Mandla
15.15855, 2014, JUL, Mandla
10.36146, 2014, AUG, Mandla
7.429086, 2014, SEP, Mandla
2.231049, 2014, OCT, Mandla
0.256591, 2014, NOV, Mandla
0.299988, 2014, JUN, Mandsaur
11.31821, 2014, JUL, Mandsaur
9.504096, 2014, AUG, Mandsaur
4.838481, 2014, SEP, Mandsaur
0.215079, 2014, OCT, Mandsaur
0.071839, 2014, NOV, Mandsaur
0.617315, 2014, JUN, Morena
5.648974, 2014, JUL, Morena
6.775202, 2014, AUG, Morena
3.625348, 2014, SEP, Morena
0.308741, 2014, OCT, Morena
0, 2014, NOV, Morena
3.459046, 2014, JUN, Narsinghpur
16.51894, 2014, JUL, Narsinghpur
7.784041, 2014, AUG, Narsinghpur
6.153575, 2014, SEP, Narsinghpur
0.965403, 2014, OCT, Narsinghpur
0.264176, 2014, NOV, Narsinghpur
0.340763, 2014, JUN, Neemuch
11.07958, 2014, JUL, Neemuch
7.814283, 2014, AUG, Neemuch
5.505918, 2014, SEP, Neemuch
0.250988, 2014, OCT, Neemuch
0.036332, 2014, NOV, Neemuch
2.339289, 2014, JUN, Panna
9.728753, 2014, JUL, Panna
5.322018, 2014, AUG, Panna
5.763745, 2014, SEP, Panna
1.340481, 2014, OCT, Panna
0.150101, 2014, NOV, Panna
2.560951, 2014, JUN, Raisen
15.72181, 2014, JUL, Raisen
8.703047, 2014, AUG, Raisen
7.137535, 2014, SEP, Raisen
0.450306, 2014, OCT, Raisen
0.219631, 2014, NOV, Raisen
0.982082, 2014, JUN, Rajgarh
13.11989, 2014, JUL, Rajgarh
10.51364, 2014, AUG, Rajgarh
5.016195, 2014, SEP, Rajgarh
0.152657, 2014, OCT, Rajgarh
0.200553, 2014, NOV, Rajgarh
0.566324, 2014, JUN, Ratlam
11.08452, 2014, JUL, Ratlam
7.475328, 2014, AUG, Ratlam
5.62379, 2014, SEP, Ratlam
0.356412, 2014, OCT, Ratlam
0.023022, 2014, NOV, Ratlam
1.767535, 2014, JUN, Rewa
8.00842, 2014, JUL, Rewa
5.691281, 2014, AUG, Rewa
5.909827, 2014, SEP, Rewa
2.139236, 2014, OCT, Rewa
0.063477, 2014, NOV, Rewa
2.247606, 2014, JUN, Sagar
11.16788, 2014, JUL, Sagar
6.838178, 2014, AUG, Sagar
5.789249, 2014, SEP, Sagar
0.418221, 2014, OCT, Sagar
0.188239, 2014, NOV, Sagar
2.581409, 2014, JUN, Satna
9.204637, 2014, JUL, Satna
5.322658, 2014, AUG, Satna
5.62548, 2014, SEP, Satna
2.47338, 2014, OCT, Satna
0.086326, 2014, NOV, Satna
1.49947, 2014, JUN, Sehore
15.55904, 2014, JUL, Sehore
9.646723, 2014, AUG, Sehore
6.229862, 2014, SEP, Sehore
0.453687, 2014, OCT, Sehore
0.224176, 2014, NOV, Sehore
4.573287, 2014, JUN, Seoni
15.21229, 2014, JUL, Seoni
8.923582, 2014, AUG, Seoni
6.916028, 2014, SEP, Seoni
2.043591, 2014, OCT, Seoni
0.391, 2014, NOV, Seoni
3.297866, 2014, JUN, Shahdol
11.16522, 2014, JUL, Shahdol
8.022726, 2014, AUG, Shahdol
7.344084, 2014, SEP, Shahdol
2.783299, 2014, OCT, Shahdol
0.046535, 2014, NOV, Shahdol
0.929244, 2014, JUN, Shajapur
13.6991, 2014, JUL, Shajapur
10.528, 2014, AUG, Shajapur
5.282833, 2014, SEP, Shajapur
0.219336, 2014, OCT, Shajapur
0.18231, 2014, NOV, Shajapur
0.89646, 2014, JUN, Sheopur
9.252227, 2014, JUL, Sheopur
7.527398, 2014, AUG, Sheopur
3.640844, 2014, SEP, Sheopur
0.273306, 2014, OCT, Sheopur
0, 2014, NOV, Sheopur
1.081416, 2014, JUN, Shivpuri
8.108076, 2014, JUL, Shivpuri
7.380243, 2014, AUG, Shivpuri
4.368114, 2014, SEP, Shivpuri
0.209229, 2014, OCT, Shivpuri
0.004748, 2014, NOV, Shivpuri
2.095191, 2014, JUN, Sidhi
8.548612, 2014, JUL, Sidhi
7.354844, 2014, AUG, Sidhi
6.777186, 2014, SEP, Sidhi
2.475242, 2014, OCT, Sidhi
0.054416, 2014, NOV, Sidhi
1.156313, 2014, JUN, Tikamgarh
8.634227, 2014, JUL, Tikamgarh
6.496506, 2014, AUG, Tikamgarh
5.440032, 2014, SEP, Tikamgarh
0.303154, 2014, OCT, Tikamgarh
0.132795, 2014, NOV, Tikamgarh
0.902456, 2014, JUN, Ujjain
10.17512, 2014, JUL, Ujjain
8.018633, 2014, AUG, Ujjain
5.520451, 2014, SEP, Ujjain
0.202921, 2014, OCT, Ujjain
0.184645, 2014, NOV, Ujjain
3.014133, 2014, JUN, Umaria
10.96236, 2014, JUL, Umaria
6.957479, 2014, AUG, Umaria
6.986043, 2014, SEP, Umaria
1.922961, 2014, OCT, Umaria
0.120361, 2014, NOV, Umaria
1.789739, 2014, JUN, Vidisha
12.49173, 2014, JUL, Vidisha
6.999804, 2014, AUG, Vidisha
6.463849, 2014, SEP, Vidisha
0.242269, 2014, OCT, Vidisha
0.174227, 2014, NOV, Vidisha
5.456449, 2015, JUN, Anuppur
10.13931, 2015, JUL, Anuppur
10.44573, 2015, AUG, Anuppur
3.861592, 2015, SEP, Anuppur
1.422231, 2015, OCT, Anuppur
0.243412, 2015, NOV, Anuppur
2.733108, 2015, JUN, Ashoknagar
10.73339, 2015, JUL, Ashoknagar
7.866984, 2015, AUG, Ashoknagar
1.844572, 2015, SEP, Ashoknagar
0.275665, 2015, OCT, Ashoknagar
0.000365, 2015, NOV, Ashoknagar
8.756499, 2015, JUN, Balaghat
8.983413, 2015, JUL, Balaghat
14.01904, 2015, AUG, Balaghat
6.876442, 2015, SEP, Balaghat
0.82676, 2015, OCT, Balaghat
0.320327, 2015, NOV, Balaghat
7.037291, 2015, JUN, Barwani
8.288989, 2015, JUL, Barwani
3.814798, 2015, AUG, Barwani
6.160234, 2015, SEP, Barwani
0.270843, 2015, OCT, Barwani
0.0594, 2015, NOV, Barwani
6.864892, 2015, JUN, Betul
10.87585, 2015, JUL, Betul
13.67625, 2015, AUG, Betul
3.87026, 2015, SEP, Betul
0.414101, 2015, OCT, Betul
0.329413, 2015, NOV, Betul
1.446616, 2015, JUN, Bhind
7.917778, 2015, JUL, Bhind
5.733375, 2015, AUG, Bhind
2.929024, 2015, SEP, Bhind
0.658957, 2015, OCT, Bhind
0.008748, 2015, NOV, Bhind
4.140493, 2015, JUN, Bhopal
14.65375, 2015, JUL, Bhopal
10.15448, 2015, AUG, Bhopal
1.873681, 2015, SEP, Bhopal
0.173629, 2015, OCT, Bhopal
0.005659, 2015, NOV, Bhopal
6.98855, 2015, JUN, Burhanpur
7.295428, 2015, JUL, Burhanpur
7.657407, 2015, AUG, Burhanpur
4.74429, 2015, SEP, Burhanpur
0.305948, 2015, OCT, Burhanpur
0.267114, 2015, NOV, Burhanpur
2.366519, 2015, JUN, Chhatarpur
8.766562, 2015, JUL, Chhatarpur
8.022141, 2015, AUG, Chhatarpur
2.754867, 2015, SEP, Chhatarpur
0.645531, 2015, OCT, Chhatarpur
0.105268, 2015, NOV, Chhatarpur
7.146214, 2015, JUN, Chhindwara
9.292139, 2015, JUL, Chhindwara
14.59971, 2015, AUG, Chhindwara
4.571267, 2015, SEP, Chhindwara
0.818625, 2015, OCT, Chhindwara
0.407253, 2015, NOV, Chhindwara
3.028863, 2015, JUN, Damoh
10.27734, 2015, JUL, Damoh
9.839354, 2015, AUG, Damoh
2.812946, 2015, SEP, Damoh
0.606177, 2015, OCT, Damoh
0.144, 2015, NOV, Damoh
1.520453, 2015, JUN, Datia
7.019674, 2015, JUL, Datia
5.279253, 2015, AUG, Datia
2.853326, 2015, SEP, Datia
0.642427, 2015, OCT, Datia
0.001636, 2015, NOV, Datia
6.351825, 2015, JUN, Dewas
15.77201, 2015, JUL, Dewas
9.807811, 2015, AUG, Dewas
3.527158, 2015, SEP, Dewas
0.244029, 2015, OCT, Dewas
0.005101, 2015, NOV, Dewas
6.557793, 2015, JUN, Dhar
12.46574, 2015, JUL, Dhar
4.540034, 2015, AUG, Dhar
5.609828, 2015, SEP, Dhar
0.378689, 2015, OCT, Dhar
0.007507, 2015, NOV, Dhar
6.268322, 2015, JUN, Dindori
8.155227, 2015, JUL, Dindori
12.03163, 2015, AUG, Dindori
4.232117, 2015, SEP, Dindori
1.166388, 2015, OCT, Dindori
0.319777, 2015, NOV, Dindori
3.40639, 2015, JUN, Guna
11.45348, 2015, JUL, Guna
9.234717, 2015, AUG, Guna
1.649278, 2015, SEP, Guna
0.145346, 2015, OCT, Guna
0.002385, 2015, NOV, Guna
1.42553, 2015, JUN, Gwalior
7.084176, 2015, JUL, Gwalior
5.460243, 2015, AUG, Gwalior
2.00123, 2015, SEP, Gwalior
0.640428, 2015, OCT, Gwalior
0.013857, 2015, NOV, Gwalior
5.640083, 2015, JUN, Harda
14.82695, 2015, JUL, Harda
9.909586, 2015, AUG, Harda
3.666852, 2015, SEP, Harda
0.231823, 2015, OCT, Harda
0.125, 2015, NOV, Harda
5.660081, 2015, JUN, Hoshangabad
15.07756, 2015, JUL, Hoshangabad
12.22941, 2015, AUG, Hoshangabad
4.106426, 2015, SEP, Hoshangabad
0.363263, 2015, OCT, Hoshangabad
0.223275, 2015, NOV, Hoshangabad
6.429242, 2015, JUN, Indore
13.71246, 2015, JUL, Indore
8.386823, 2015, AUG, Indore
3.716965, 2015, SEP, Indore
0.3009, 2015, OCT, Indore
0.015958, 2015, NOV, Indore
3.885985, 2015, JUN, Jabalpur
10.07616, 2015, JUL, Jabalpur
11.03694, 2015, AUG, Jabalpur
3.693281, 2015, SEP, Jabalpur
0.836431, 2015, OCT, Jabalpur
0.308972, 2015, NOV, Jabalpur
5.440531, 2015, JUN, Jhabua
13.67141, 2015, JUL, Jhabua
2.782477, 2015, AUG, Jhabua
5.403292, 2015, SEP, Jhabua
0.28057, 2015, OCT, Jhabua
0.000699, 2015, NOV, Jhabua
2.927614, 2015, JUN, Katni
8.791677, 2015, JUL, Katni
10.11479, 2015, AUG, Katni
3.162315, 2015, SEP, Katni
0.889714, 2015, OCT, Katni
0.290191, 2015, NOV, Katni
6.065139, 2015, JUN, Mandla
8.550899, 2015, JUL, Mandla
13.48322, 2015, AUG, Mandla
4.052434, 2015, SEP, Mandla
1.076192, 2015, OCT, Mandla
0.304959, 2015, NOV, Mandla
3.483573, 2015, JUN, Mandsaur
13.13296, 2015, JUL, Mandsaur
7.106647, 2015, AUG, Mandsaur
1.005617, 2015, SEP, Mandsaur
0.210859, 2015, OCT, Mandsaur
0.054578, 2015, NOV, Mandsaur
1.27484, 2015, JUN, Morena
6.390069, 2015, JUL, Morena
5.602071, 2015, AUG, Morena
1.791136, 2015, SEP, Morena
0.636215, 2015, OCT, Morena
0.007468, 2015, NOV, Morena
4.521264, 2015, JUN, Narsinghpur
10.03798, 2015, JUL, Narsinghpur
9.938639, 2015, AUG, Narsinghpur
3.225846, 2015, SEP, Narsinghpur
0.677548, 2015, OCT, Narsinghpur
0.298049, 2015, NOV, Narsinghpur
2.821365, 2015, JUN, Neemuch
11.13404, 2015, JUL, Neemuch
7.228511, 2015, AUG, Neemuch
0.768566, 2015, SEP, Neemuch
0.282447, 2015, OCT, Neemuch
0.026722, 2015, NOV, Neemuch
2.671659, 2015, JUN, Panna
8.079271, 2015, JUL, Panna
8.424206, 2015, AUG, Panna
3.273331, 2015, SEP, Panna
0.923316, 2015, OCT, Panna
0.167237, 2015, NOV, Panna
4.615152, 2015, JUN, Raisen
13.64422, 2015, JUL, Raisen
10.12827, 2015, AUG, Raisen
2.425953, 2015, SEP, Raisen
0.250487, 2015, OCT, Raisen
0.022186, 2015, NOV, Raisen
3.595385, 2015, JUN, Rajgarh
15.74152, 2015, JUL, Rajgarh
11.47587, 2015, AUG, Rajgarh
2.143787, 2015, SEP, Rajgarh
0.224974, 2015, OCT, Rajgarh
0.0277, 2015, NOV, Rajgarh
4.804864, 2015, JUN, Ratlam
15.42076, 2015, JUL, Ratlam
4.96002, 2015, AUG, Ratlam
3.077518, 2015, SEP, Ratlam
0.389876, 2015, OCT, Ratlam
0.000747, 2015, NOV, Ratlam
2.391005, 2015, JUN, Rewa
6.077322, 2015, JUL, Rewa
6.453199, 2015, AUG, Rewa
2.10128, 2015, SEP, Rewa
0.618344, 2015, OCT, Rewa
0.169582, 2015, NOV, Rewa
3.580876, 2015, JUN, Sagar
10.22753, 2015, JUL, Sagar
8.964655, 2015, AUG, Sagar
2.160162, 2015, SEP, Sagar
0.367907, 2015, OCT, Sagar
0.049857, 2015, NOV, Sagar
2.938546, 2015, JUN, Satna
6.793481, 2015, JUL, Satna
7.677726, 2015, AUG, Satna
2.70765, 2015, SEP, Satna
1.106494, 2015, OCT, Satna
0.209102, 2015, NOV, Satna
5.08197, 2015, JUN, Sehore
16.25403, 2015, JUL, Sehore
10.987, 2015, AUG, Sehore
2.755743, 2015, SEP, Sehore
0.233086, 2015, OCT, Sehore
0.014842, 2015, NOV, Sehore
7.121809, 2015, JUN, Seoni
8.061883, 2015, JUL, Seoni
13.58947, 2015, AUG, Seoni
4.386564, 2015, SEP, Seoni
0.915366, 2015, OCT, Seoni
0.337179, 2015, NOV, Seoni
4.53, 2015, JUN, Shahdol
9.46055, 2015, JUL, Shahdol
9.649655, 2015, AUG, Shahdol
3.079095, 2015, SEP, Shahdol
1.251454, 2015, OCT, Shahdol
0.329162, 2015, NOV, Shahdol
5.513568, 2015, JUN, Shajapur
17.07889, 2015, JUL, Shajapur
10.55211, 2015, AUG, Shajapur
2.578857, 2015, SEP, Shajapur
0.209959, 2015, OCT, Shajapur
0.036784, 2015, NOV, Shajapur
1.665959, 2015, JUN, Sheopur
7.057642, 2015, JUL, Sheopur
6.870615, 2015, AUG, Sheopur
1.285898, 2015, SEP, Sheopur
0.501292, 2015, OCT, Sheopur
0.001187, 2015, NOV, Sheopur
1.847311, 2015, JUN, Shivpuri
7.174573, 2015, JUL, Shivpuri
7.108641, 2015, AUG, Shivpuri
1.796528, 2015, SEP, Shivpuri
0.400198, 2015, OCT, Shivpuri
0, 2015, NOV, Shivpuri
2.902722, 2015, JUN, Sidhi
10.16071, 2015, JUL, Sidhi
7.968853, 2015, AUG, Sidhi
2.67212, 2015, SEP, Sidhi
1.090613, 2015, OCT, Sidhi
0.307815, 2015, NOV, Sidhi
1.909224, 2015, JUN, Tikamgarh
8.815755, 2015, JUL, Tikamgarh
7.12603, 2015, AUG, Tikamgarh
2.782867, 2015, SEP, Tikamgarh
0.427687, 2015, OCT, Tikamgarh
0.025737, 2015, NOV, Tikamgarh
6.025876, 2015, JUN, Ujjain
14.98509, 2015, JUL, Ujjain
7.138911, 2015, AUG, Ujjain
3.063948, 2015, SEP, Ujjain
0.275667, 2015, OCT, Ujjain
0.07598, 2015, NOV, Ujjain
3.122991, 2015, JUN, Umaria
7.973186, 2015, JUL, Umaria
9.497095, 2015, AUG, Umaria
2.862268, 2015, SEP, Umaria
0.961255, 2015, OCT, Umaria
0.323114, 2015, NOV, Umaria
3.728947, 2015, JUN, Vidisha
12.53334, 2015, JUL, Vidisha
8.474041, 2015, AUG, Vidisha
1.780094, 2015, SEP, Vidisha
0.197221, 2015, OCT, Vidisha
0.006047, 2015, NOV, Vidisha
3.367314, 2016, JUN, Anuppur
15.6366, 2016, JUL, Anuppur
16.21493, 2016, AUG, Anuppur
9.189583, 2016, SEP, Anuppur
1.74071, 2016, OCT, Anuppur
0.002829, 2016, NOV, Anuppur
3.886542, 2016, JUN, Ashoknagar
19.50288, 2016, JUL, Ashoknagar
11.88986, 2016, AUG, Ashoknagar
4.619299, 2016, SEP, Ashoknagar
1.55487, 2016, OCT, Ashoknagar
0, 2016, NOV, Ashoknagar
5.647532, 2016, JUN, Balaghat
15.29473, 2016, JUL, Balaghat
13.67286, 2016, AUG, Balaghat
9.870773, 2016, SEP, Balaghat
1.732323, 2016, OCT, Balaghat
0.115, 2016, NOV, Balaghat
4.277874, 2016, JUN, Barwani
11.81204, 2016, JUL, Barwani
8.017768, 2016, AUG, Barwani
5.036834, 2016, SEP, Barwani
1.82148, 2016, OCT, Barwani
0, 2016, NOV, Barwani
6.222681, 2016, JUN, Betul
19.68604, 2016, JUL, Betul
12.33821, 2016, AUG, Betul
5.592854, 2016, SEP, Betul
1.525094, 2016, OCT, Betul
0.0971, 2016, NOV, Betul
2.159501, 2016, JUN, Bhind
12.5143, 2016, JUL, Bhind
7.909919, 2016, AUG, Bhind
2.400102, 2016, SEP, Bhind
1.372822, 2016, OCT, Bhind
0, 2016, NOV, Bhind
4.66278, 2016, JUN, Bhopal
23.40627, 2016, JUL, Bhopal
17.48298, 2016, AUG, Bhopal
5.646734, 2016, SEP, Bhopal
1.014878, 2016, OCT, Bhopal
0, 2016, NOV, Bhopal
4.936312, 2016, JUN, Burhanpur
13.85769, 2016, JUL, Burhanpur
6.938002, 2016, AUG, Burhanpur
5.780569, 2016, SEP, Burhanpur
1.592235, 2016, OCT, Burhanpur
0, 2016, NOV, Burhanpur
3.205121, 2016, JUN, Chhatarpur
19.47722, 2016, JUL, Chhatarpur
16.54286, 2016, AUG, Chhatarpur
3.305077, 2016, SEP, Chhatarpur
0.767163, 2016, OCT, Chhatarpur
0.00776, 2016, NOV, Chhatarpur
6.513903, 2016, JUN, Chhindwara
21.03278, 2016, JUL, Chhindwara
14.72711, 2016, AUG, Chhindwara
5.808238, 2016, SEP, Chhindwara
1.736458, 2016, OCT, Chhindwara
0.219266, 2016, NOV, Chhindwara
3.633176, 2016, JUN, Damoh
26.53249, 2016, JUL, Damoh
20.27415, 2016, AUG, Damoh
3.851204, 2016, SEP, Damoh
0.694329, 2016, OCT, Damoh
0.000405, 2016, NOV, Damoh
2.18, 2016, JUN, Datia
13.26272, 2016, JUL, Datia
8.1401, 2016, AUG, Datia
2.391927, 2016, SEP, Datia
1.8042, 2016, OCT, Datia
0, 2016, NOV, Datia
6.038028, 2016, JUN, Dewas
19.0066, 2016, JUL, Dewas
12.54681, 2016, AUG, Dewas
5.269429, 2016, SEP, Dewas
1.44941, 2016, OCT, Dewas
0, 2016, NOV, Dewas
4.36141, 2016, JUN, Dhar
14.29514, 2016, JUL, Dhar
10.21955, 2016, AUG, Dhar
7.753237, 2016, SEP, Dhar
1.920714, 2016, OCT, Dhar
0, 2016, NOV, Dhar
4.192305, 2016, JUN, Dindori
15.31726, 2016, JUL, Dindori
17.01845, 2016, AUG, Dindori
7.734391, 2016, SEP, Dindori
1.341974, 2016, OCT, Dindori
0.0636, 2016, NOV, Dindori
4.462416, 2016, JUN, Guna
19.62648, 2016, JUL, Guna
13.12477, 2016, AUG, Guna
4.434447, 2016, SEP, Guna
1.524465, 2016, OCT, Guna
0, 2016, NOV, Guna
1.993163, 2016, JUN, Gwalior
12.57049, 2016, JUL, Gwalior
8.40584, 2016, AUG, Gwalior
1.997903, 2016, SEP, Gwalior
1.593259, 2016, OCT, Gwalior
0, 2016, NOV, Gwalior
5.710101, 2016, JUN, Harda
19.84501, 2016, JUL, Harda
13.58278, 2016, AUG, Harda
4.790423, 2016, SEP, Harda
1.545155, 2016, OCT, Harda
0, 2016, NOV, Harda
5.760216, 2016, JUN, Hoshangabad
27.12833, 2016, JUL, Hoshangabad
19.01162, 2016, AUG, Hoshangabad
5.623857, 2016, SEP, Hoshangabad
1.027099, 2016, OCT, Hoshangabad
0.023662, 2016, NOV, Hoshangabad
5.400909, 2016, JUN, Indore
16.08587, 2016, JUL, Indore
12.11739, 2016, AUG, Indore
5.362645, 2016, SEP, Indore
1.739972, 2016, OCT, Indore
0, 2016, NOV, Indore
3.550635, 2016, JUN, Jabalpur
21.2641, 2016, JUL, Jabalpur
18.26699, 2016, AUG, Jabalpur
5.117343, 2016, SEP, Jabalpur
0.875152, 2016, OCT, Jabalpur
0.0662, 2016, NOV, Jabalpur
3.616456, 2016, JUN, Jhabua
14.94549, 2016, JUL, Jhabua
11.0912, 2016, AUG, Jhabua
7.043088, 2016, SEP, Jhabua
2.275338, 2016, OCT, Jhabua
0, 2016, NOV, Jhabua
3.574277, 2016, JUN, Katni
22.19049, 2016, JUL, Katni
18.27296, 2016, AUG, Katni
4.471188, 2016, SEP, Katni
0.847984, 2016, OCT, Katni
0.002345, 2016, NOV, Katni
4.30817, 2016, JUN, Mandla
16.51473, 2016, JUL, Mandla
16.76455, 2016, AUG, Mandla
7.241171, 2016, SEP, Mandla
1.204292, 2016, OCT, Mandla
0.120737, 2016, NOV, Mandla
4.545788, 2016, JUN, Mandsaur
18.48844, 2016, JUL, Mandsaur
16.7266, 2016, AUG, Mandsaur
2.932881, 2016, SEP, Mandsaur
1.724665, 2016, OCT, Mandsaur
0.054642, 2016, NOV, Mandsaur
1.491135, 2016, JUN, Morena
11.85874, 2016, JUL, Morena
8.188213, 2016, AUG, Morena
1.760963, 2016, SEP, Morena
1.367691, 2016, OCT, Morena
0, 2016, NOV, Morena
4.161948, 2016, JUN, Narsinghpur
25.00182, 2016, JUL, Narsinghpur
17.32456, 2016, AUG, Narsinghpur
4.629929, 2016, SEP, Narsinghpur
0.893488, 2016, OCT, Narsinghpur
0.069612, 2016, NOV, Narsinghpur
3.841362, 2016, JUN, Neemuch
15.65798, 2016, JUL, Neemuch
17.48208, 2016, AUG, Neemuch
1.600322, 2016, SEP, Neemuch
1.7958, 2016, OCT, Neemuch
0.026751, 2016, NOV, Neemuch
2.848932, 2016, JUN, Panna
20.893, 2016, JUL, Panna
17.83108, 2016, AUG, Panna
3.886517, 2016, SEP, Panna
0.758514, 2016, OCT, Panna
0.002008, 2016, NOV, Panna
4.883771, 2016, JUN, Raisen
26.36659, 2016, JUL, Raisen
18.67558, 2016, AUG, Raisen
4.47827, 2016, SEP, Raisen
0.552156, 2016, OCT, Raisen
0, 2016, NOV, Raisen
4.550578, 2016, JUN, Rajgarh
20.9192, 2016, JUL, Rajgarh
15.14823, 2016, AUG, Rajgarh
4.205915, 2016, SEP, Rajgarh
1.374907, 2016, OCT, Rajgarh
0, 2016, NOV, Rajgarh
4.330251, 2016, JUN, Ratlam
17.41762, 2016, JUL, Ratlam
14.83736, 2016, AUG, Ratlam
6.687502, 2016, SEP, Ratlam
2.515291, 2016, OCT, Ratlam
0.000454, 2016, NOV, Ratlam
2.584411, 2016, JUN, Rewa
14.95797, 2016, JUL, Rewa
13.1796, 2016, AUG, Rewa
8.626466, 2016, SEP, Rewa
0.914791, 2016, OCT, Rewa
0.001998, 2016, NOV, Rewa
4.189219, 2016, JUN, Sagar
26.08255, 2016, JUL, Sagar
18.37351, 2016, AUG, Sagar
4.132371, 2016, SEP, Sagar
0.640191, 2016, OCT, Sagar
0.000498, 2016, NOV, Sagar
3.148055, 2016, JUN, Satna
17.63191, 2016, JUL, Satna
16.14202, 2016, AUG, Satna
5.055614, 2016, SEP, Satna
0.801064, 2016, OCT, Satna
0, 2016, NOV, Satna
5.490964, 2016, JUN, Sehore
22.7546, 2016, JUL, Sehore
17.32806, 2016, AUG, Sehore
5.124111, 2016, SEP, Sehore
0.883238, 2016, OCT, Sehore
0.005629, 2016, NOV, Sehore
5.273324, 2016, JUN, Seoni
17.49428, 2016, JUL, Seoni
14.97007, 2016, AUG, Seoni
6.348245, 2016, SEP, Seoni
1.401702, 2016, OCT, Seoni
0.195923, 2016, NOV, Seoni
3.232213, 2016, JUN, Shahdol
17.04859, 2016, JUL, Shahdol
17.03596, 2016, AUG, Shahdol
8.004136, 2016, SEP, Shahdol
1.113439, 2016, OCT, Shahdol
0.008145, 2016, NOV, Shahdol
5.081136, 2016, JUN, Shajapur
21.33103, 2016, JUL, Shajapur
15.16071, 2016, AUG, Shajapur
4.36046, 2016, SEP, Shajapur
1.139827, 2016, OCT, Shajapur
0, 2016, NOV, Shajapur
2.635513, 2016, JUN, Sheopur
16.59593, 2016, JUL, Sheopur
11.01803, 2016, AUG, Sheopur
1.782165, 2016, SEP, Sheopur
1.803037, 2016, OCT, Sheopur
0, 2016, NOV, Sheopur
2.527455, 2016, JUN, Shivpuri
16.26489, 2016, JUL, Shivpuri
9.524476, 2016, AUG, Shivpuri
3.09407, 2016, SEP, Shivpuri
1.753234, 2016, OCT, Shivpuri
0, 2016, NOV, Shivpuri
2.23382, 2016, JUN, Sidhi
16.07229, 2016, JUL, Sidhi
15.95521, 2016, AUG, Sidhi
9.272298, 2016, SEP, Sidhi
1.155227, 2016, OCT, Sidhi
0.073162, 2016, NOV, Sidhi
3.142874, 2016, JUN, Tikamgarh
20.12883, 2016, JUL, Tikamgarh
12.20113, 2016, AUG, Tikamgarh
3.204699, 2016, SEP, Tikamgarh
1.168188, 2016, OCT, Tikamgarh
0.003135, 2016, NOV, Tikamgarh
4.964378, 2016, JUN, Ujjain
17.30198, 2016, JUL, Ujjain
13.41281, 2016, AUG, Ujjain
5.710871, 2016, SEP, Ujjain
1.570427, 2016, OCT, Ujjain
0, 2016, NOV, Ujjain
3.419196, 2016, JUN, Umaria
18.77403, 2016, JUL, Umaria
17.94438, 2016, AUG, Umaria
6.037958, 2016, SEP, Umaria
0.732182, 2016, OCT, Umaria
0.002074, 2016, NOV, Umaria
4.590327, 2016, JUN, Vidisha
23.90543, 2016, JUL, Vidisha
14.31171, 2016, AUG, Vidisha
5.323104, 2016, SEP, Vidisha
0.993359, 2016, OCT, Vidisha
0, 2016, NOV, Vidisha
5.937334, 2017, JUN, Anuppur
12.34041, 2017, JUL, Anuppur
8.890828, 2017, AUG, Anuppur
6.46912, 2017, SEP, Anuppur
1.324661, 2017, OCT, Anuppur
0.00283, 2017, NOV, Anuppur
4.971682, 2017, JUN, Ashoknagar
8.490002, 2017, JUL, Ashoknagar
5.00772, 2017, AUG, Ashoknagar
6.73134, 2017, SEP, Ashoknagar
0.038876, 2017, OCT, Ashoknagar
0, 2017, NOV, Ashoknagar
6.208736, 2017, JUN, Balaghat
10.84327, 2017, JUL, Balaghat
12.69864, 2017, AUG, Balaghat
7.912988, 2017, SEP, Balaghat
1.904444, 2017, OCT, Balaghat
0.261105, 2017, NOV, Balaghat
4.81647, 2017, JUN, Barwani
5.810627, 2017, JUL, Barwani
7.429597, 2017, AUG, Barwani
5.998568, 2017, SEP, Barwani
1.02147, 2017, OCT, Barwani
0.0113, 2017, NOV, Barwani
5.874147, 2017, JUN, Betul
10.88561, 2017, JUL, Betul
7.876843, 2017, AUG, Betul
7.399276, 2017, SEP, Betul
1.241698, 2017, OCT, Betul
0.287, 2017, NOV, Betul
3.082783, 2017, JUN, Bhind
6.217444, 2017, JUL, Bhind
7.496481, 2017, AUG, Bhind
3.748752, 2017, SEP, Bhind
0.293914, 2017, OCT, Bhind
0, 2017, NOV, Bhind
4.528698, 2017, JUN, Bhopal
13.07451, 2017, JUL, Bhopal
5.422422, 2017, AUG, Bhopal
7.638544, 2017, SEP, Bhopal
0.115091, 2017, OCT, Bhopal
0, 2017, NOV, Bhopal
5.387412, 2017, JUN, Burhanpur
6.841388, 2017, JUL, Burhanpur
6.591219, 2017, AUG, Burhanpur
6.322806, 2017, SEP, Burhanpur
1.02633, 2017, OCT, Burhanpur
0.0785, 2017, NOV, Burhanpur
4.038527, 2017, JUN, Chhatarpur
10.99222, 2017, JUL, Chhatarpur
7.199005, 2017, AUG, Chhatarpur
5.324367, 2017, SEP, Chhatarpur
0.169102, 2017, OCT, Chhatarpur
0.00776, 2017, NOV, Chhatarpur
6.150137, 2017, JUN, Chhindwara
12.62072, 2017, JUL, Chhindwara
9.750783, 2017, AUG, Chhindwara
7.793879, 2017, SEP, Chhindwara
1.20574, 2017, OCT, Chhindwara
0.409519, 2017, NOV, Chhindwara
4.919086, 2017, JUN, Damoh
14.9611, 2017, JUL, Damoh
6.143201, 2017, AUG, Damoh
5.747508, 2017, SEP, Damoh
0.272274, 2017, OCT, Damoh
0.004715, 2017, NOV, Damoh
3.5087, 2017, JUN, Datia
6.365262, 2017, JUL, Datia
6.279462, 2017, AUG, Datia
3.880453, 2017, SEP, Datia
0.263547, 2017, OCT, Datia
0, 2017, NOV, Datia
5.483747, 2017, JUN, Dewas
9.37908, 2017, JUL, Dewas
6.154789, 2017, AUG, Dewas
7.59933, 2017, SEP, Dewas
0.511413, 2017, OCT, Dewas
0, 2017, NOV, Dewas
4.763099, 2017, JUN, Dhar
7.801576, 2017, JUL, Dhar
6.683989, 2017, AUG, Dhar
6.8508, 2017, SEP, Dhar
0.596127, 2017, OCT, Dhar
0, 2017, NOV, Dhar
5.932504, 2017, JUN, Dindori
10.39694, 2017, JUL, Dindori
11.50032, 2017, AUG, Dindori
6.109258, 2017, SEP, Dindori
1.106326, 2017, OCT, Dindori
0.066463, 2017, NOV, Dindori
4.398316, 2017, JUN, Guna
8.341538, 2017, JUL, Guna
5.152869, 2017, AUG, Guna
6.532932, 2017, SEP, Guna
0.015093, 2017, OCT, Guna
0, 2017, NOV, Guna
2.910677, 2017, JUN, Gwalior
5.583823, 2017, JUL, Gwalior
7.806611, 2017, AUG, Gwalior
3.369075, 2017, SEP, Gwalior
0.257684, 2017, OCT, Gwalior
0, 2017, NOV, Gwalior
4.696461, 2017, JUN, Harda
11.38782, 2017, JUL, Harda
5.479936, 2017, AUG, Harda
8.315295, 2017, SEP, Harda
0.59995, 2017, OCT, Harda
0.0428, 2017, NOV, Harda
4.962751, 2017, JUN, Hoshangabad
15.39166, 2017, JUL, Hoshangabad
7.429605, 2017, AUG, Hoshangabad
9.838569, 2017, SEP, Hoshangabad
0.627016, 2017, OCT, Hoshangabad
0.101146, 2017, NOV, Hoshangabad
5.664126, 2017, JUN, Indore
7.850065, 2017, JUL, Indore
7.379362, 2017, AUG, Indore
6.701332, 2017, SEP, Indore
0.497496, 2017, OCT, Indore
0, 2017, NOV, Indore
4.97976, 2017, JUN, Jabalpur
14.89695, 2017, JUL, Jabalpur
8.479152, 2017, AUG, Jabalpur
5.309708, 2017, SEP, Jabalpur
0.503005, 2017, OCT, Jabalpur
0.13, 2017, NOV, Jabalpur
4.635214, 2017, JUN, Jhabua
9.676255, 2017, JUL, Jhabua
7.236255, 2017, AUG, Jhabua
6.727158, 2017, SEP, Jhabua
0.540747, 2017, OCT, Jhabua
0, 2017, NOV, Jhabua
3.842018, 2017, JUN, Katni
14.72847, 2017, JUL, Katni
7.292264, 2017, AUG, Katni
5.15404, 2017, SEP, Katni
0.453559, 2017, OCT, Katni
0.003478, 2017, NOV, Katni
5.23, 2017, JUN, Mandla
11.72017, 2017, JUL, Mandla
11.75911, 2017, AUG, Mandla
5.837662, 2017, SEP, Mandla
1.031272, 2017, OCT, Mandla
0.175468, 2017, NOV, Mandla
3.653328, 2017, JUN, Mandsaur
9.10421, 2017, JUL, Mandsaur
6.508901, 2017, AUG, Mandsaur
5.016466, 2017, SEP, Mandsaur
0.185004, 2017, OCT, Mandsaur
0.054642, 2017, NOV, Mandsaur
2.52982, 2017, JUN, Morena
4.604396, 2017, JUL, Morena
8.284266, 2017, AUG, Morena
2.989282, 2017, SEP, Morena
0.246871, 2017, OCT, Morena
0, 2017, NOV, Morena
5.267328, 2017, JUN, Narsinghpur
16.05735, 2017, JUL, Narsinghpur
6.681237, 2017, AUG, Narsinghpur
6.87128, 2017, SEP, Narsinghpur
0.618245, 2017, OCT, Narsinghpur
0.162981, 2017, NOV, Narsinghpur
3.630565, 2017, JUN, Neemuch
10.19932, 2017, JUL, Neemuch
5.979679, 2017, AUG, Neemuch
4.604122, 2017, SEP, Neemuch
0.226446, 2017, OCT, Neemuch
0.026751, 2017, NOV, Neemuch
4.149469, 2017, JUN, Panna
13.2516, 2017, JUL, Panna
6.708261, 2017, AUG, Panna
4.115032, 2017, SEP, Panna
0.327533, 2017, OCT, Panna
0.002008, 2017, NOV, Panna
4.995983, 2017, JUN, Raisen
15.28005, 2017, JUL, Raisen
6.308443, 2017, AUG, Raisen
8.09134, 2017, SEP, Raisen
0.329208, 2017, OCT, Raisen
0.0000166, 2017, NOV, Raisen
4.158427, 2017, JUN, Rajgarh
10.6225, 2017, JUL, Rajgarh
5.487446, 2017, AUG, Rajgarh
6.487858, 2017, SEP, Rajgarh
0.03473, 2017, OCT, Rajgarh
0, 2017, NOV, Rajgarh
3.861945, 2017, JUN, Ratlam
9.508367, 2017, JUL, Ratlam
6.703201, 2017, AUG, Ratlam
7.247594, 2017, SEP, Ratlam
0.29478, 2017, OCT, Ratlam
0.000454, 2017, NOV, Ratlam
2.337808, 2017, JUN, Rewa
14.1326, 2017, JUL, Rewa
7.002129, 2017, AUG, Rewa
3.710611, 2017, SEP, Rewa
0.392103, 2017, OCT, Rewa
0.002003, 2017, NOV, Rewa
5.048538, 2017, JUN, Sagar
13.01398, 2017, JUL, Sagar
5.378178, 2017, AUG, Sagar
6.668575, 2017, SEP, Sagar
0.181935, 2017, OCT, Sagar
0.00294, 2017, NOV, Sagar
3.737197, 2017, JUN, Satna
13.60254, 2017, JUL, Satna
6.220931, 2017, AUG, Satna
3.435719, 2017, SEP, Satna
0.489367, 2017, OCT, Satna
0, 2017, NOV, Satna
4.670375, 2017, JUN, Sehore
11.68571, 2017, JUL, Sehore
6.056357, 2017, AUG, Sehore
7.727846, 2017, SEP, Sehore
0.348891, 2017, OCT, Sehore
0.00572, 2017, NOV, Sehore
6.2398, 2017, JUN, Seoni
12.00743, 2017, JUL, Seoni
10.00618, 2017, AUG, Seoni
6.62584, 2017, SEP, Seoni
1.248887, 2017, OCT, Seoni
0.346327, 2017, NOV, Seoni
4.942523, 2017, JUN, Shahdol
12.88297, 2017, JUL, Shahdol
8.919789, 2017, AUG, Shahdol
5.008209, 2017, SEP, Shahdol
0.985184, 2017, OCT, Shahdol
0.00813, 2017, NOV, Shahdol
4.611933, 2017, JUN, Shajapur
11.04648, 2017, JUL, Shajapur
6.126085, 2017, AUG, Shajapur
6.684092, 2017, SEP, Shajapur
0.1468, 2017, OCT, Shajapur
0, 2017, NOV, Shajapur
2.753802, 2017, JUN, Sheopur
5.715268, 2017, JUL, Sheopur
7.111567, 2017, AUG, Sheopur
3.356925, 2017, SEP, Sheopur
0.246271, 2017, OCT, Sheopur
0, 2017, NOV, Sheopur
3.386806, 2017, JUN, Shivpuri
5.877225, 2017, JUL, Shivpuri
5.96203, 2017, AUG, Shivpuri
5.035257, 2017, SEP, Shivpuri
0.183846, 2017, OCT, Shivpuri
0, 2017, NOV, Shivpuri
2.752617, 2017, JUN, Sidhi
16.29311, 2017, JUL, Sidhi
8.085978, 2017, AUG, Sidhi
3.533452, 2017, SEP, Sidhi
0.697514, 2017, OCT, Sidhi
0.074758, 2017, NOV, Sidhi
4.356614, 2017, JUN, Tikamgarh
9.414336, 2017, JUL, Tikamgarh
5.960104, 2017, AUG, Tikamgarh
5.926574, 2017, SEP, Tikamgarh
0.086086, 2017, OCT, Tikamgarh
0.003135, 2017, NOV, Tikamgarh
4.997412, 2017, JUN, Ujjain
8.309909, 2017, JUL, Ujjain
6.270358, 2017, AUG, Ujjain
6.77974, 2017, SEP, Ujjain
0.100711, 2017, OCT, Ujjain
0, 2017, NOV, Ujjain
4.071085, 2017, JUN, Umaria
13.15844, 2017, JUL, Umaria
8.450269, 2017, AUG, Umaria
4.773695, 2017, SEP, Umaria
0.563131, 2017, OCT, Umaria
0.002072, 2017, NOV, Umaria
4.812612, 2017, JUN, Vidisha
12.00849, 2017, JUL, Vidisha
4.955964, 2017, AUG, Vidisha
7.993792, 2017, SEP, Vidisha
0.07813, 2017, OCT, Vidisha
0.000149, 2017, NOV, Vidisha
5.340121, 2018, JUN, Anuppur
15.04479, 2018, JUL, Anuppur
12.49183, 2018, AUG, Anuppur
4.446524, 2018, SEP, Anuppur
0.785861, 2018, OCT, Anuppur
0.002828, 2018, NOV, Anuppur
3.264283, 2018, JUN, Ashoknagar
12.11067, 2018, JUL, Ashoknagar
9.718548, 2018, AUG, Ashoknagar
6.891571, 2018, SEP, Ashoknagar
0.060878, 2018, OCT, Ashoknagar
0.018781, 2018, NOV, Ashoknagar
6.834491, 2018, JUN, Balaghat
14.20357, 2018, JUL, Balaghat
14.94299, 2018, AUG, Balaghat
3.815775, 2018, SEP, Balaghat
0.636599, 2018, OCT, Balaghat
0.134441, 2018, NOV, Balaghat
5.720228, 2018, JUN, Barwani
8.645542, 2018, JUL, Barwani
7.22834, 2018, AUG, Barwani
3.137029, 2018, SEP, Barwani
0.169164, 2018, OCT, Barwani
0.050492, 2018, NOV, Barwani
7.536215, 2018, JUN, Betul
14.34717, 2018, JUL, Betul
11.13297, 2018, AUG, Betul
4.152303, 2018, SEP, Betul
0.303114, 2018, OCT, Betul
0.24, 2018, NOV, Betul
2.28141, 2018, JUN, Bhind
10.46987, 2018, JUL, Bhind
13.1605, 2018, AUG, Bhind
4.850132, 2018, SEP, Bhind
0.289341, 2018, OCT, Bhind
0.003468, 2018, NOV, Bhind
4.220314, 2018, JUN, Bhopal
15.91463, 2018, JUL, Bhopal
7.687442, 2018, AUG, Bhopal
4.727104, 2018, SEP, Bhopal
0.078116, 2018, OCT, Bhopal
0.00713, 2018, NOV, Bhopal
5.670535, 2018, JUN, Burhanpur
9.012192, 2018, JUL, Burhanpur
6.969085, 2018, AUG, Burhanpur
3.047325, 2018, SEP, Burhanpur
0.287493, 2018, OCT, Burhanpur
0.390495, 2018, NOV, Burhanpur
2.091948, 2018, JUN, Chhatarpur
11.5715, 2018, JUL, Chhatarpur
12.72432, 2018, AUG, Chhatarpur
5.506281, 2018, SEP, Chhatarpur
0.074905, 2018, OCT, Chhatarpur
0.089086, 2018, NOV, Chhatarpur
7.89426, 2018, JUN, Chhindwara
15.96553, 2018, JUL, Chhindwara
12.4562, 2018, AUG, Chhindwara
3.721965, 2018, SEP, Chhindwara
0.457422, 2018, OCT, Chhindwara
0.339334, 2018, NOV, Chhindwara
3.359839, 2018, JUN, Damoh
16.139, 2018, JUL, Damoh
12.87418, 2018, AUG, Damoh
5.219088, 2018, SEP, Damoh
0.153112, 2018, OCT, Damoh
0.045657, 2018, NOV, Damoh
2.162448, 2018, JUN, Datia
9.453503, 2018, JUL, Datia
10.08932, 2018, AUG, Datia
5.367501, 2018, SEP, Datia
0.244922, 2018, OCT, Datia
0.000302, 2018, NOV, Datia
5.305253, 2018, JUN, Dewas
12.79431, 2018, JUL, Dewas
7.785887, 2018, AUG, Dewas
4.710419, 2018, SEP, Dewas
0.169664, 2018, OCT, Dewas
0.018121, 2018, NOV, Dewas
4.368504, 2018, JUN, Dhar
11.57302, 2018, JUL, Dhar
6.266631, 2018, AUG, Dhar
3.878756, 2018, SEP, Dhar
0.272791, 2018, OCT, Dhar
0.014239, 2018, NOV, Dhar
6.086392, 2018, JUN, Dindori
13.8036, 2018, JUL, Dindori
14.7202, 2018, AUG, Dindori
4.267748, 2018, SEP, Dindori
0.593622, 2018, OCT, Dindori
0.0571, 2018, NOV, Dindori
3.859395, 2018, JUN, Guna
13.83034, 2018, JUL, Guna
10.58939, 2018, AUG, Guna
6.43722, 2018, SEP, Guna
0.030575, 2018, OCT, Guna
0.0354, 2018, NOV, Guna
2.232586, 2018, JUN, Gwalior
9.728635, 2018, JUL, Gwalior
10.71668, 2018, AUG, Gwalior
5.654168, 2018, SEP, Gwalior
0.253765, 2018, OCT, Gwalior
0.005234, 2018, NOV, Gwalior
6.114163, 2018, JUN, Harda
14.43924, 2018, JUL, Harda
8.344489, 2018, AUG, Harda
4.910221, 2018, SEP, Harda
0.207696, 2018, OCT, Harda
0.109, 2018, NOV, Harda
5.991965, 2018, JUN, Hoshangabad
18.9759, 2018, JUL, Hoshangabad
11.19059, 2018, AUG, Hoshangabad
5.561386, 2018, SEP, Hoshangabad
0.225867, 2018, OCT, Hoshangabad
0.199879, 2018, NOV, Hoshangabad
5.259543, 2018, JUN, Indore
11.03004, 2018, JUL, Indore
7.378383, 2018, AUG, Indore
4.561823, 2018, SEP, Indore
0.248343, 2018, OCT, Indore
0.019866, 2018, NOV, Indore
5.02732, 2018, JUN, Jabalpur
17.49221, 2018, JUL, Jabalpur
13.72541, 2018, AUG, Jabalpur
4.525981, 2018, SEP, Jabalpur
0.263741, 2018, OCT, Jabalpur
0.06193, 2018, NOV, Jabalpur
3.01168, 2018, JUN, Jhabua
13.5048, 2018, JUL, Jhabua
7.330141, 2018, AUG, Jhabua
3.595841, 2018, SEP, Jhabua
0.23395, 2018, OCT, Jhabua
0.005222, 2018, NOV, Jhabua
3.707787, 2018, JUN, Katni
14.98053, 2018, JUL, Katni
14.8886, 2018, AUG, Katni
4.723608, 2018, SEP, Katni
0.277401, 2018, OCT, Katni
0.151701, 2018, NOV, Katni
5.691407, 2018, JUN, Mandla
15.30224, 2018, JUL, Mandla
14.80921, 2018, AUG, Mandla
4.003313, 2018, SEP, Mandla
0.505135, 2018, OCT, Mandla
0.105173, 2018, NOV, Mandla
2.384599, 2018, JUN, Mandsaur
14.66561, 2018, JUL, Mandsaur
10.20082, 2018, AUG, Mandsaur
4.548351, 2018, SEP, Mandsaur
0.262216, 2018, OCT, Mandsaur
0.094966, 2018, NOV, Mandsaur
1.809778, 2018, JUN, Morena
9.65864, 2018, JUL, Morena
10.96851, 2018, AUG, Morena
6.134524, 2018, SEP, Morena
0.248066, 2018, OCT, Morena
0.001975, 2018, NOV, Morena
5.534983, 2018, JUN, Narsinghpur
18.2554, 2018, JUL, Narsinghpur
11.07044, 2018, AUG, Narsinghpur
4.415946, 2018, SEP, Narsinghpur
0.305871, 2018, OCT, Narsinghpur
0.162079, 2018, NOV, Narsinghpur
2.119162, 2018, JUN, Neemuch
13.85874, 2018, JUL, Neemuch
10.28364, 2018, AUG, Neemuch
4.796361, 2018, SEP, Neemuch
0.294537, 2018, OCT, Neemuch
0.0601, 2018, NOV, Neemuch
2.444388, 2018, JUN, Panna
13.55515, 2018, JUL, Panna
13.92333, 2018, AUG, Panna
4.150368, 2018, SEP, Panna
0.21434, 2018, OCT, Panna
0.043179, 2018, NOV, Panna
4.514672, 2018, JUN, Raisen
17.59706, 2018, JUL, Raisen
9.209142, 2018, AUG, Raisen
4.46921, 2018, SEP, Raisen
0.03982, 2018, OCT, Raisen
0.000828, 2018, NOV, Raisen
3.565522, 2018, JUN, Rajgarh
15.58745, 2018, JUL, Rajgarh
9.543156, 2018, AUG, Rajgarh
4.829169, 2018, SEP, Rajgarh
0.037634, 2018, OCT, Rajgarh
0.0701, 2018, NOV, Rajgarh
2.90986, 2018, JUN, Ratlam
14.20284, 2018, JUL, Ratlam
7.979009, 2018, AUG, Ratlam
4.720391, 2018, SEP, Ratlam
0.354811, 2018, OCT, Ratlam
0.007656, 2018, NOV, Ratlam
2.799616, 2018, JUN, Rewa
10.71107, 2018, JUL, Rewa
11.01691, 2018, AUG, Rewa
4.299409, 2018, SEP, Rewa
0.152323, 2018, OCT, Rewa
0.002459, 2018, NOV, Rewa
3.743312, 2018, JUN, Sagar
14.98083, 2018, JUL, Sagar
9.831893, 2018, AUG, Sagar
5.131568, 2018, SEP, Sagar
0.039288, 2018, OCT, Sagar
0.0552, 2018, NOV, Sagar
2.867558, 2018, JUN, Satna
12.01623, 2018, JUL, Satna
12.25307, 2018, AUG, Satna
3.627066, 2018, SEP, Satna
0.255813, 2018, OCT, Satna
0.010859, 2018, NOV, Satna
4.761096, 2018, JUN, Sehore
15.12622, 2018, JUL, Sehore
8.188108, 2018, AUG, Sehore
5.005528, 2018, SEP, Sehore
0.142881, 2018, OCT, Sehore
0.012352, 2018, NOV, Sehore
7.02, 2018, JUN, Seoni
15.37037, 2018, JUL, Seoni
12.99062, 2018, AUG, Seoni
3.635183, 2018, SEP, Seoni
0.522165, 2018, OCT, Seoni
0.208982, 2018, NOV, Seoni
4.771766, 2018, JUN, Shahdol
13.52653, 2018, JUL, Shahdol
14.05723, 2018, AUG, Shahdol
4.241141, 2018, SEP, Shahdol
0.580288, 2018, OCT, Shahdol
0.075892, 2018, NOV, Shahdol
3.443497, 2018, JUN, Shajapur
16.38529, 2018, JUL, Shajapur
8.765819, 2018, AUG, Shajapur
4.748211, 2018, SEP, Shajapur
0.076595, 2018, OCT, Shajapur
0.047046, 2018, NOV, Shajapur
2.716608, 2018, JUN, Sheopur
12.22127, 2018, JUL, Sheopur
10.30125, 2018, AUG, Sheopur
7.198834, 2018, SEP, Sheopur
0.256463, 2018, OCT, Sheopur
0.00629, 2018, NOV, Sheopur
2.563332, 2018, JUN, Shivpuri
10.4642, 2018, JUL, Shivpuri
9.159326, 2018, AUG, Shivpuri
7.381031, 2018, SEP, Shivpuri
0.185938, 2018, OCT, Shivpuri
0.013439, 2018, NOV, Shivpuri
3.703987, 2018, JUN, Sidhi
10.94622, 2018, JUL, Sidhi
12.57425, 2018, AUG, Sidhi
4.387184, 2018, SEP, Sidhi
0.632193, 2018, OCT, Sidhi
0.09711, 2018, NOV, Sidhi
1.899394, 2018, JUN, Tikamgarh
11.38939, 2018, JUL, Tikamgarh
9.325663, 2018, AUG, Tikamgarh
7.492051, 2018, SEP, Tikamgarh
0.059896, 2018, OCT, Tikamgarh
0.074583, 2018, NOV, Tikamgarh
3.591917, 2018, JUN, Ujjain
13.92261, 2018, JUL, Ujjain
7.163439, 2018, AUG, Ujjain
4.992752, 2018, SEP, Ujjain
0.148865, 2018, OCT, Ujjain
0.079696, 2018, NOV, Ujjain
4.031346, 2018, JUN, Umaria
12.94132, 2018, JUL, Umaria
15.7518, 2018, AUG, Umaria
4.376382, 2018, SEP, Umaria
0.335234, 2018, OCT, Umaria
0.134, 2018, NOV, Umaria
4.076205, 2018, JUN, Vidisha
15.20095, 2018, JUL, Vidisha
8.403792, 2018, AUG, Vidisha
5.143134, 2018, SEP, Vidisha
0.013929, 2018, OCT, Vidisha
0.0185, 2018, NOV, Vidisha
5.191207, 2019, JUN, Anuppur
11.81896, 2019, JUL, Anuppur
14.62136, 2019, AUG, Anuppur
9.678835, 2019, SEP, Anuppur
1.039925, 2019, OCT, Anuppur
0.145075, 2019, NOV, Anuppur
2.271248, 2019, JUN, Ashoknagar
11.23531, 2019, JUL, Ashoknagar
17.26877, 2019, AUG, Ashoknagar
18.72948, 2019, SEP, Ashoknagar
1.413949, 2019, OCT, Ashoknagar
0.225, 2019, NOV, Ashoknagar
3.464649, 2019, JUN, Balaghat
12.77596, 2019, JUL, Balaghat
17.43129, 2019, AUG, Balaghat
14.14228, 2019, SEP, Balaghat
1.410049, 2019, OCT, Balaghat
0.334, 2019, NOV, Balaghat
3.621716, 2019, JUN, Barwani
9.859948, 2019, JUL, Barwani
8.163672, 2019, AUG, Barwani
14.57519, 2019, SEP, Barwani
1.231247, 2019, OCT, Barwani
0.220441, 2019, NOV, Barwani
3.766519, 2019, JUN, Betul
11.55633, 2019, JUL, Betul
17.52112, 2019, AUG, Betul
16.20154, 2019, SEP, Betul
1.328355, 2019, OCT, Betul
0.355244, 2019, NOV, Betul
1.304861, 2019, JUN, Bhind
8.297646, 2019, JUL, Bhind
7.908793, 2019, AUG, Bhind
7.599489, 2019, SEP, Bhind
1.192601, 2019, OCT, Bhind
0.029914, 2019, NOV, Bhind
3.238645, 2019, JUN, Bhopal
15.71459, 2019, JUL, Bhopal
21.73354, 2019, AUG, Bhopal
21.41236, 2019, SEP, Bhopal
1.208549, 2019, OCT, Bhopal
0.222, 2019, NOV, Bhopal
3.399423, 2019, JUN, Burhanpur
9.391368, 2019, JUL, Burhanpur
8.772762, 2019, AUG, Burhanpur
12.72515, 2019, SEP, Burhanpur
1.32737, 2019, OCT, Burhanpur
0.294, 2019, NOV, Burhanpur
2.580722, 2019, JUN, Chhatarpur
11.82384, 2019, JUL, Chhatarpur
16.13624, 2019, AUG, Chhatarpur
14.62568, 2019, SEP, Chhatarpur
0.823313, 2019, OCT, Chhatarpur
0.216702, 2019, NOV, Chhatarpur
3.99953, 2019, JUN, Chhindwara
12.34693, 2019, JUL, Chhindwara
19.96096, 2019, AUG, Chhindwara
16.4831, 2019, SEP, Chhindwara
1.212852, 2019, OCT, Chhindwara
0.439078, 2019, NOV, Chhindwara
3.28, 2019, JUN, Damoh
12.43314, 2019, JUL, Damoh
19.19083, 2019, AUG, Damoh
14.2686, 2019, SEP, Damoh
0.660392, 2019, OCT, Damoh
0.178765, 2019, NOV, Damoh
1.687373, 2019, JUN, Datia
8.559396, 2019, JUL, Datia
9.88763, 2019, AUG, Datia
11.15516, 2019, SEP, Datia
1.216318, 2019, OCT, Datia
0.127104, 2019, NOV, Datia
3.665788, 2019, JUN, Dewas
15.29713, 2019, JUL, Dewas
14.32752, 2019, AUG, Dewas
21.08892, 2019, SEP, Dewas
1.08146, 2019, OCT, Dewas
0.250182, 2019, NOV, Dewas
3.944739, 2019, JUN, Dhar
11.02186, 2019, JUL, Dhar
9.320575, 2019, AUG, Dhar
16.80451, 2019, SEP, Dhar
1.494389, 2019, OCT, Dhar
0.201, 2019, NOV, Dhar
4.184056, 2019, JUN, Dindori
11.76875, 2019, JUL, Dindori
17.49169, 2019, AUG, Dindori
11.61317, 2019, SEP, Dindori
1.036509, 2019, OCT, Dindori
0.275635, 2019, NOV, Dindori
3.083331, 2019, JUN, Guna
11.63216, 2019, JUL, Guna
20.2384, 2019, AUG, Guna
20.1307, 2019, SEP, Guna
1.143531, 2019, OCT, Guna
0.269, 2019, NOV, Guna
1.647361, 2019, JUN, Gwalior
7.681125, 2019, JUL, Gwalior
10.43478, 2019, AUG, Gwalior
10.73291, 2019, SEP, Gwalior
1.241881, 2019, OCT, Gwalior
0.093463, 2019, NOV, Gwalior
3.636216, 2019, JUN, Harda
13.89016, 2019, JUL, Harda
14.34, 2019, AUG, Harda
20.80939, 2019, SEP, Harda
1.483601, 2019, OCT, Harda
0.325, 2019, NOV, Harda
3.931458, 2019, JUN, Hoshangabad
17.26093, 2019, JUL, Hoshangabad
21.361, 2019, AUG, Hoshangabad
24.66433, 2019, SEP, Hoshangabad
1.012732, 2019, OCT, Hoshangabad
0.301586, 2019, NOV, Hoshangabad
4.64363, 2019, JUN, Indore
12.88449, 2019, JUL, Indore
13.14953, 2019, AUG, Indore
17.98139, 2019, SEP, Indore
1.13136, 2019, OCT, Indore
0.277411, 2019, NOV, Indore
3.393417, 2019, JUN, Jabalpur
13.22347, 2019, JUL, Jabalpur
19.53229, 2019, AUG, Jabalpur
13.98108, 2019, SEP, Jabalpur
0.6204, 2019, OCT, Jabalpur
0.26361, 2019, NOV, Jabalpur
3.601381, 2019, JUN, Jhabua
10.54692, 2019, JUL, Jhabua
11.66738, 2019, AUG, Jhabua
15.67738, 2019, SEP, Jhabua
1.615064, 2019, OCT, Jhabua
0.152277, 2019, NOV, Jhabua
2.987519, 2019, JUN, Katni
13.77743, 2019, JUL, Katni
16.45831, 2019, AUG, Katni
14.00336, 2019, SEP, Katni
0.563735, 2019, OCT, Katni
0.164014, 2019, NOV, Katni
3.558371, 2019, JUN, Mandla
12.77161, 2019, JUL, Mandla
19.22644, 2019, AUG, Mandla
14.41072, 2019, SEP, Mandla
0.90162, 2019, OCT, Mandla
0.309, 2019, NOV, Mandla
3.905153, 2019, JUN, Mandsaur
12.29638, 2019, JUL, Mandsaur
22.50548, 2019, AUG, Mandsaur
15.026, 2019, SEP, Mandsaur
1.464755, 2019, OCT, Mandsaur
0.206375, 2019, NOV, Mandsaur
1.178555, 2019, JUN, Morena
6.968972, 2019, JUL, Morena
9.269722, 2019, AUG, Morena
8.416994, 2019, SEP, Morena
0.94926, 2019, OCT, Morena
0.087206, 2019, NOV, Morena
3.34326, 2019, JUN, Narsinghpur
12.8168, 2019, JUL, Narsinghpur
21.39533, 2019, AUG, Narsinghpur
17.39727, 2019, SEP, Narsinghpur
0.621496, 2019, OCT, Narsinghpur
0.309048, 2019, NOV, Narsinghpur
3.710669, 2019, JUN, Neemuch
10.95478, 2019, JUL, Neemuch
21.30002, 2019, AUG, Neemuch
12.65105, 2019, SEP, Neemuch
1.146424, 2019, OCT, Neemuch
0.141, 2019, NOV, Neemuch
2.791172, 2019, JUN, Panna
13.30716, 2019, JUL, Panna
14.5924, 2019, AUG, Panna
13.65874, 2019, SEP, Panna
0.554997, 2019, OCT, Panna
0.126, 2019, NOV, Panna
3.188348, 2019, JUN, Raisen
16.4428, 2019, JUL, Raisen
20.43588, 2019, AUG, Raisen
19.91013, 2019, SEP, Raisen
0.955146, 2019, OCT, Raisen
0.255, 2019, NOV, Raisen
2.703666, 2019, JUN, Rajgarh
14.55046, 2019, JUL, Rajgarh
22.56048, 2019, AUG, Rajgarh
19.42118, 2019, SEP, Rajgarh
1.394874, 2019, OCT, Rajgarh
0.279639, 2019, NOV, Rajgarh
4.172511, 2019, JUN, Ratlam
10.73307, 2019, JUL, Ratlam
15.86872, 2019, AUG, Ratlam
18.98335, 2019, SEP, Ratlam
2.100943, 2019, OCT, Ratlam
0.090937, 2019, NOV, Ratlam
1.857494, 2019, JUN, Rewa
12.06657, 2019, JUL, Rewa
8.199047, 2019, AUG, Rewa
13.53883, 2019, SEP, Rewa
0.755385, 2019, OCT, Rewa
0.08366, 2019, NOV, Rewa
3.003492, 2019, JUN, Sagar
11.83632, 2019, JUL, Sagar
18.95544, 2019, AUG, Sagar
16.37322, 2019, SEP, Sagar
0.777366, 2019, OCT, Sagar
0.212074, 2019, NOV, Sagar
2.658385, 2019, JUN, Satna
13.36231, 2019, JUL, Satna
11.54811, 2019, AUG, Satna
13.37727, 2019, SEP, Satna
0.529468, 2019, OCT, Satna
0.106046, 2019, NOV, Satna
3.286167, 2019, JUN, Sehore
16.69919, 2019, JUL, Sehore
18.63505, 2019, AUG, Sehore
21.91625, 2019, SEP, Sehore
1.047209, 2019, OCT, Sehore
0.247026, 2019, NOV, Sehore
3.555694, 2019, JUN, Seoni
12.73635, 2019, JUL, Seoni
18.6786, 2019, AUG, Seoni
15.07933, 2019, SEP, Seoni
0.874626, 2019, OCT, Seoni
0.387089, 2019, NOV, Seoni
4.149916, 2019, JUN, Shahdol
12.53266, 2019, JUL, Shahdol
15.07109, 2019, AUG, Shahdol
11.15423, 2019, SEP, Shahdol
0.747055, 2019, OCT, Shahdol
0.135, 2019, NOV, Shahdol
3.51637, 2019, JUN, Shajapur
15.97762, 2019, JUL, Shajapur
20.02938, 2019, AUG, Shajapur
19.57985, 2019, SEP, Shajapur
1.412285, 2019, OCT, Shajapur
0.249842, 2019, NOV, Shajapur
1.674082, 2019, JUN, Sheopur
9.930622, 2019, JUL, Sheopur
13.94674, 2019, AUG, Sheopur
10.22173, 2019, SEP, Sheopur
1.279379, 2019, OCT, Sheopur
0.093233, 2019, NOV, Sheopur
1.956858, 2019, JUN, Shivpuri
9.076034, 2019, JUL, Shivpuri
14.21893, 2019, AUG, Shivpuri
14.15437, 2019, SEP, Shivpuri
1.12243, 2019, OCT, Shivpuri
0.226387, 2019, NOV, Shivpuri
2.785274, 2019, JUN, Sidhi
11.66038, 2019, JUL, Sidhi
10.77738, 2019, AUG, Sidhi
11.19495, 2019, SEP, Sidhi
0.824073, 2019, OCT, Sidhi
0.121162, 2019, NOV, Sidhi
1.9793, 2019, JUN, Tikamgarh
10.40133, 2019, JUL, Tikamgarh
15.54295, 2019, AUG, Tikamgarh
13.7105, 2019, SEP, Tikamgarh
1.080869, 2019, OCT, Tikamgarh
0.265, 2019, NOV, Tikamgarh
4.307035, 2019, JUN, Ujjain
11.77549, 2019, JUL, Ujjain
14.6827, 2019, AUG, Ujjain
19.51572, 2019, SEP, Ujjain
1.358897, 2019, OCT, Ujjain
0.260085, 2019, NOV, Ujjain
3.357156, 2019, JUN, Umaria
12.99414, 2019, JUL, Umaria
16.12726, 2019, AUG, Umaria
13.35535, 2019, SEP, Umaria
0.462034, 2019, OCT, Umaria
0.115618, 2019, NOV, Umaria
2.978857, 2019, JUN, Vidisha
14.13382, 2019, JUL, Vidisha
20.0647, 2019, AUG, Vidisha
20.97978, 2019, SEP, Vidisha
1.074892, 2019, OCT, Vidisha
0.218, 2019, NOV, Vidisha
