Area, Year, Element, Value
Anuppur, 2010, LST_JUN, 316.1967
Anuppur, 2010, LST_JUL, 308.3168
Anuppur, 2010, LST_AUG, 303.4592
Anuppur, 2010, LST_SEP, 302.5775
Anuppur, 2010, LST_OCT, 303.1825
Anuppur, 2010, LST_NOV, 302.7825
Anuppur, 2011, LST_JUN, 315.729
Anuppur, 2011, LST_JUL, 304.0972
Anuppur, 2011, LST_AUG, 301.9496
Anuppur, 2011, LST_SEP, 301.6111
Anuppur, 2011, LST_OCT, 302.9698
Anuppur, 2011, LST_NOV, 302.2573
Anuppur, 2012, LST_JUN, 315.5713
Anuppur, 2012, LST_JUL, 311.5646
Anuppur, 2012, LST_AUG, 301.7112
Anuppur, 2012, LST_SEP, 302.5709
Anuppur, 2012, LST_OCT, 302.9567
Anuppur, 2012, LST_NOV, 300.1024
Anuppur, 2013, LST_JUN, 315.0655
Anuppur, 2013, LST_JUL, 303.1677
Anuppur, 2013, LST_AUG, 302.7377
Anuppur, 2013, LST_SEP, 303.0139
Anuppur, 2013, LST_OCT, 300.8386
Anuppur, 2013, LST_NOV, 299.9351
Anuppur, 2014, LST_JUN, 313.4078
Anuppur, 2014, LST_JUL, 308.3465
Anuppur, 2014, LST_AUG, 305.31
Anuppur, 2014, LST_SEP, 303.037
Anuppur, 2014, LST_OCT, 302.775
Anuppur, 2014, LST_NOV, 300.9919
Anuppur, 2015, LST_JUN, 313.6504
Anuppur, 2015, LST_JUL, 305.7007
Anuppur, 2015, LST_AUG, 305.5253
Anuppur, 2015, LST_SEP, 304.6367
Anuppur, 2015, LST_OCT, 306.5668
Anuppur, 2015, LST_NOV, 303.2618
Anuppur, 2016, LST_JUN, 315.0374
Anuppur, 2016, LST_JUL, 304.2221
Anuppur, 2016, LST_AUG, 303.5186
Anuppur, 2016, LST_SEP, 302.6734
Anuppur, 2016, LST_OCT, 301.9344
Anuppur, 2016, LST_NOV, 300.9943
Anuppur, 2017, LST_JUN, 314.4522
Anuppur, 2017, LST_JUL, 304.6453
Anuppur, 2017, LST_AUG, 302.9996
Anuppur, 2017, LST_SEP, 302.9904
Anuppur, 2017, LST_OCT, 303.1306
Anuppur, 2017, LST_NOV, 301.5644
Anuppur, 2018, LST_JUN, 311.8919
Anuppur, 2018, LST_JUL, 303.7725
Anuppur, 2018, LST_AUG, 303.827
Anuppur, 2018, LST_SEP, 303.3428
Anuppur, 2018, LST_OCT, 304.6069
Anuppur, 2018, LST_NOV, 302.6898
Anuppur, 2019, LST_JUN, 315.7865
Anuppur, 2019, LST_JUL, 306.1492
Anuppur, 2019, LST_AUG, 301.8398
Anuppur, 2019, LST_SEP, 300.1678
Anuppur, 2019, LST_OCT, 301.6094
Anuppur, 2019, LST_NOV, 301.3295
Ashoknagar, 2010, LST_JUN, 318.6019
Ashoknagar, 2010, LST_JUL, 309.7163
Ashoknagar, 2010, LST_AUG, 301.613
Ashoknagar, 2010, LST_SEP, 305.5819
Ashoknagar, 2010, LST_OCT, 309.4097
Ashoknagar, 2010, LST_NOV, 305.8609
Ashoknagar, 2011, LST_JUN, 3.17E+02
Ashoknagar, 2011, LST_JUL, 306.4323
Ashoknagar, 2011, LST_AUG, 302.1003
Ashoknagar, 2011, LST_SEP, 305.5666
Ashoknagar, 2011, LST_OCT, 310.7607
Ashoknagar, 2011, LST_NOV, 306.9396
Ashoknagar, 2012, LST_JUN, 315.8789
Ashoknagar, 2012, LST_JUL, 313.914
Ashoknagar, 2012, LST_AUG, 301.684
Ashoknagar, 2012, LST_SEP, 304.9891
Ashoknagar, 2012, LST_OCT, 310.416
Ashoknagar, 2012, LST_NOV, 306.1776
Ashoknagar, 2013, LST_JUN, 314.0578
Ashoknagar, 2013, LST_JUL, 303.5655
Ashoknagar, 2013, LST_AUG, 300.844
Ashoknagar, 2013, LST_SEP, 305.6393
Ashoknagar, 2013, LST_OCT, 308.3255
Ashoknagar, 2013, LST_NOV, 304.7965
Ashoknagar, 2014, LST_JUN, 316.9352
Ashoknagar, 2014, LST_JUL, 313.3574
Ashoknagar, 2014, LST_AUG, 307.9203
Ashoknagar, 2014, LST_SEP, 304.8857
Ashoknagar, 2014, LST_OCT, 310.6058
Ashoknagar, 2014, LST_NOV, 308.1362
Ashoknagar, 2015, LST_JUN, 318.4423
Ashoknagar, 2015, LST_JUL, 308.9372
Ashoknagar, 2015, LST_AUG, 301.8329
Ashoknagar, 2015, LST_SEP, 307.8078
Ashoknagar, 2015, LST_OCT, 313.5783
Ashoknagar, 2015, LST_NOV, 307.679
Ashoknagar, 2016, LST_JUN, 316.8369
Ashoknagar, 2016, LST_JUL, 307.7875
Ashoknagar, 2016, LST_AUG, 298.7394
Ashoknagar, 2016, LST_SEP, 305.3636
Ashoknagar, 2016, LST_OCT, 309.3508
Ashoknagar, 2016, LST_NOV, 307.1192
Ashoknagar, 2017, LST_JUN, 313.9081
Ashoknagar, 2017, LST_JUL, 306.765
Ashoknagar, 2017, LST_AUG, 302.52
Ashoknagar, 2017, LST_SEP, 305.9803
Ashoknagar, 2017, LST_OCT, 311.2271
Ashoknagar, 2017, LST_NOV, 305.6772
Ashoknagar, 2018, LST_JUN, 313.9992
Ashoknagar, 2018, LST_JUL, 310.7798
Ashoknagar, 2018, LST_AUG, 301.9521
Ashoknagar, 2018, LST_SEP, 304.4039
Ashoknagar, 2018, LST_OCT, 310.9523
Ashoknagar, 2018, LST_NOV, 306.4695
Ashoknagar, 2019, LST_JUN, 319.2582
Ashoknagar, 2019, LST_JUL, 309.5278
Ashoknagar, 2019, LST_AUG, 298.5846
Ashoknagar, 2019, LST_SEP, 301.4921
Ashoknagar, 2019, LST_OCT, 304.7544
Ashoknagar, 2019, LST_NOV, 304.6082
Balaghat, 2010, LST_JUN, 313.5907
Balaghat, 2010, LST_JUL, 300.9777
Balaghat, 2010, LST_AUG, 300.4666
Balaghat, 2010, LST_SEP, 301.0198
Balaghat, 2010, LST_OCT, 301.0755
Balaghat, 2010, LST_NOV, 300.5775
Balaghat, 2011, LST_JUN, 313.1215
Balaghat, 2011, LST_JUL, 301.4853
Balaghat, 2011, LST_AUG, 301.6021
Balaghat, 2011, LST_SEP, 301.2737
Balaghat, 2011, LST_OCT, 301.9403
Balaghat, 2011, LST_NOV, 301.2473
Balaghat, 2012, LST_JUN, 312.9279
Balaghat, 2012, LST_JUL, 304.6961
Balaghat, 2012, LST_AUG, 300.3242
Balaghat, 2012, LST_SEP, 301.4578
Balaghat, 2012, LST_OCT, 301.5287
Balaghat, 2012, LST_NOV, 299.4981
Balaghat, 2013, LST_JUN, 312.9814
Balaghat, 2013, LST_JUL, 299.1671
Balaghat, 2013, LST_AUG, 299.8573
Balaghat, 2013, LST_SEP, 301.097
Balaghat, 2013, LST_OCT, 300.4864
Balaghat, 2013, LST_NOV, 299.544
Balaghat, 2014, LST_JUN, 312.306
Balaghat, 2014, LST_JUL, 307.2122
Balaghat, 2014, LST_AUG, 302.0499
Balaghat, 2014, LST_SEP, 301.9836
Balaghat, 2014, LST_OCT, 301.6026
Balaghat, 2014, LST_NOV, 299.9525
Balaghat, 2015, LST_JUN, 311.6229
Balaghat, 2015, LST_JUL, 303.6018
Balaghat, 2015, LST_AUG, 302.3301
Balaghat, 2015, LST_SEP, 301.7181
Balaghat, 2015, LST_OCT, 302.5005
Balaghat, 2015, LST_NOV, 301.2272
Balaghat, 2016, LST_JUN, 310.844
Balaghat, 2016, LST_JUL, 298.5438
Balaghat, 2016, LST_AUG, 301.6888
Balaghat, 2016, LST_SEP, 300.925
Balaghat, 2016, LST_OCT, 300.9096
Balaghat, 2016, LST_NOV, 300.2454
Balaghat, 2017, LST_JUN, 311.3141
Balaghat, 2017, LST_JUL, 304.0826
Balaghat, 2017, LST_AUG, 300.873
Balaghat, 2017, LST_SEP, 301.2967
Balaghat, 2017, LST_OCT, 301.7289
Balaghat, 2017, LST_NOV, 300.5936
Balaghat, 2018, LST_JUN, 309.2862
Balaghat, 2018, LST_JUL, 305.173
Balaghat, 2018, LST_AUG, 300.4635
Balaghat, 2018, LST_SEP, 301.5758
Balaghat, 2018, LST_OCT, 302.2749
Balaghat, 2018, LST_NOV, 301.5348
Balaghat, 2019, LST_JUN, 315.0736
Balaghat, 2019, LST_JUL, 304.3322
Balaghat, 2019, LST_AUG, 300.0117
Balaghat, 2019, LST_SEP, 299.3625
Balaghat, 2019, LST_OCT, 300.5511
Balaghat, 2019, LST_NOV, 299.6607
Barwani, 2010, LST_JUN, 316.8372
Barwani, 2010, LST_JUL, 303.6777
Barwani, 2010, LST_AUG, 299.5726
Barwani, 2010, LST_SEP, 305.0602
Barwani, 2010, LST_OCT, 308.8047
Barwani, 2010, LST_NOV, 306.8003
Barwani, 2011, LST_JUN, 315.8745
Barwani, 2011, LST_JUL, 307.2567
Barwani, 2011, LST_AUG, 302.0137
Barwani, 2011, LST_SEP, 304.8209
Barwani, 2011, LST_OCT, 309.9328
Barwani, 2011, LST_NOV, 310.0919
Barwani, 2012, LST_JUN, 314.6693
Barwani, 2012, LST_JUL, 308.9166
Barwani, 2012, LST_AUG, 304.3531
Barwani, 2012, LST_SEP, 304.9832
Barwani, 2012, LST_OCT, 309.3205
Barwani, 2012, LST_NOV, 308.4322
Barwani, 2013, LST_JUN, 314.0404
Barwani, 2013, LST_JUL, 308.9086
Barwani, 2013, LST_AUG, 301.5024
Barwani, 2013, LST_SEP, 306.0666
Barwani, 2013, LST_OCT, 307.3525
Barwani, 2013, LST_NOV, 306.9899
Barwani, 2014, LST_JUN, 315.6349
Barwani, 2014, LST_JUL, 312.9686
Barwani, 2014, LST_AUG, 306.9426
Barwani, 2014, LST_SEP, 305.883
Barwani, 2014, LST_OCT, 309.1836
Barwani, 2014, LST_NOV, 308.3478
Barwani, 2015, LST_JUN, 316.3095
Barwani, 2015, LST_JUL, 308.2291
Barwani, 2015, LST_AUG, 304.8984
Barwani, 2015, LST_SEP, 307.217
Barwani, 2015, LST_OCT, 310.2168
Barwani, 2015, LST_NOV, 309.9295
Barwani, 2016, LST_JUN, 316.1032
Barwani, 2016, LST_JUL, 301.4761
Barwani, 2016, LST_AUG, 301.6199
Barwani, 2016, LST_SEP, 302.7832
Barwani, 2016, LST_OCT, 307.0712
Barwani, 2016, LST_NOV, 307.8625
Barwani, 2017, LST_JUN, 312.9618
Barwani, 2017, LST_JUL, 304.3111
Barwani, 2017, LST_AUG, 301.3285
Barwani, 2017, LST_SEP, 304.9103
Barwani, 2017, LST_OCT, 307.8697
Barwani, 2017, LST_NOV, 307.5302
Barwani, 2018, LST_JUN, 312.0119
Barwani, 2018, LST_JUL, 307.4154
Barwani, 2018, LST_AUG, 297.7583
Barwani, 2018, LST_SEP, 304.8773
Barwani, 2018, LST_OCT, 310.1931
Barwani, 2018, LST_NOV, 309.5595
Barwani, 2019, LST_JUN, 317.6118
Barwani, 2019, LST_JUL, 310.2065
Barwani, 2019, LST_AUG, 301.4555
Barwani, 2019, LST_SEP, 302.0474
Barwani, 2019, LST_OCT, 305.3354
Barwani, 2019, LST_NOV, 304.7926
Betul, 2010, LST_JUN, 315.6665
Betul, 2010, LST_JUL, 303.7356
Betul, 2010, LST_AUG, 301.5153
Betul, 2010, LST_SEP, 303.1102
Betul, 2010, LST_OCT, 304.5974
Betul, 2010, LST_NOV, 302.6561
Betul, 2011, LST_JUN, 314.4321
Betul, 2011, LST_JUL, 304.104
Betul, 2011, LST_AUG, 301.0947
Betul, 2011, LST_SEP, 302.7792
Betul, 2011, LST_OCT, 306.196
Betul, 2011, LST_NOV, 305.7217
Betul, 2012, LST_JUN, 314.4411
Betul, 2012, LST_JUL, 302.384
Betul, 2012, LST_AUG, 301.2423
Betul, 2012, LST_SEP, 302.518
Betul, 2012, LST_OCT, 305.1284
Betul, 2012, LST_NOV, 303.8049
Betul, 2013, LST_JUN, 316.0663
Betul, 2013, LST_JUL, 301.2704
Betul, 2013, LST_AUG, 298.6205
Betul, 2013, LST_SEP, 302.9729
Betul, 2013, LST_OCT, 303.4438
Betul, 2013, LST_NOV, 303.0514
Betul, 2014, LST_JUN, 316.7829
Betul, 2014, LST_JUL, 310.2972
Betul, 2014, LST_AUG, 305.423
Betul, 2014, LST_SEP, 304.1355
Betul, 2014, LST_OCT, 305.6452
Betul, 2014, LST_NOV, 304.9137
Betul, 2015, LST_JUN, 314.6784
Betul, 2015, LST_JUL, 307.3059
Betul, 2015, LST_AUG, 301.4752
Betul, 2015, LST_SEP, 304.065
Betul, 2015, LST_OCT, 306.9125
Betul, 2015, LST_NOV, 305.3961
Betul, 2016, LST_JUN, 315.8885
Betul, 2016, LST_JUL, 300.9098
Betul, 2016, LST_AUG, 302.7974
Betul, 2016, LST_SEP, 300.8125
Betul, 2016, LST_OCT, 303.5111
Betul, 2016, LST_NOV, 304.0199
Betul, 2017, LST_JUN, 313.4701
Betul, 2017, LST_JUL, 304.5951
Betul, 2017, LST_AUG, 302.3698
Betul, 2017, LST_SEP, 302.2398
Betul, 2017, LST_OCT, 303.7111
Betul, 2017, LST_NOV, 303.6685
Betul, 2018, LST_JUN, 312.034
Betul, 2018, LST_JUL, 306.176
Betul, 2018, LST_AUG, 299.7398
Betul, 2018, LST_SEP, 302.2396
Betul, 2018, LST_OCT, 305.8965
Betul, 2018, LST_NOV, 305.5938
Betul, 2019, LST_JUN, 319.0087
Betul, 2019, LST_JUL, 307.8659
Betul, 2019, LST_AUG, 299.8267
Betul, 2019, LST_SEP, 299.1599
Betul, 2019, LST_OCT, 302.0761
Betul, 2019, LST_NOV, 302.3624
Bhind, 2010, LST_JUN, 319.6375
Bhind, 2010, LST_JUL, 312.5538
Bhind, 2010, LST_AUG, 307.945
Bhind, 2010, LST_SEP, 305.4817
Bhind, 2010, LST_OCT, 308.2032
Bhind, 2010, LST_NOV, 302.9419
Bhind, 2011, LST_JUN, 316.9995
Bhind, 2011, LST_JUL, 308.1741
Bhind, 2011, LST_AUG, 306.3219
Bhind, 2011, LST_SEP, 308.4675
Bhind, 2011, LST_OCT, 310.5947
Bhind, 2011, LST_NOV, 304.8304
Bhind, 2012, LST_JUN, 316.6278
Bhind, 2012, LST_JUL, 308.7333
Bhind, 2012, LST_AUG, 303.2694
Bhind, 2012, LST_SEP, 307.5572
Bhind, 2012, LST_OCT, 309.4088
Bhind, 2012, LST_NOV, 302.5933
Bhind, 2013, LST_JUN, 313.1746
Bhind, 2013, LST_JUL, 307.4791
Bhind, 2013, LST_AUG, 304.1579
Bhind, 2013, LST_SEP, 305.4093
Bhind, 2013, LST_OCT, 306.1047
Bhind, 2013, LST_NOV, 302.4731
Bhind, 2014, LST_JUN, 319.0894
Bhind, 2014, LST_JUL, 315.9198
Bhind, 2014, LST_AUG, 309.247
Bhind, 2014, LST_SEP, 308.0365
Bhind, 2014, LST_OCT, 309.6717
Bhind, 2014, LST_NOV, 304.499
Bhind, 2015, LST_JUN, 317.529
Bhind, 2015, LST_JUL, 310.1416
Bhind, 2015, LST_AUG, 305.8378
Bhind, 2015, LST_SEP, 308.9002
Bhind, 2015, LST_OCT, 311.3779
Bhind, 2015, LST_NOV, 305.3791
Bhind, 2016, LST_JUN, 314.2466
Bhind, 2016, LST_JUL, 309.8262
Bhind, 2016, LST_AUG, 301.5108
Bhind, 2016, LST_SEP, 307.2411
Bhind, 2016, LST_OCT, 309.14
Bhind, 2016, LST_NOV, 303.8354
Bhind, 2017, LST_JUN, 317.0617
Bhind, 2017, LST_JUL, 309.4951
Bhind, 2017, LST_AUG, 308.6877
Bhind, 2017, LST_SEP, 307.7104
Bhind, 2017, LST_OCT, 311.2493
Bhind, 2017, LST_NOV, 303.3766
Bhind, 2018, LST_JUN, 313.153
Bhind, 2018, LST_JUL, 313.3094
Bhind, 2018, LST_AUG, 307.2596
Bhind, 2018, LST_SEP, 305.3864
Bhind, 2018, LST_OCT, 309.5779
Bhind, 2018, LST_NOV, 303.4316
Bhind, 2019, LST_JUN, 317.7806
Bhind, 2019, LST_JUL, 310.9525
Bhind, 2019, LST_AUG, 305.0384
Bhind, 2019, LST_SEP, 304.8306
Bhind, 2019, LST_OCT, 306.3378
Bhind, 2019, LST_NOV, 303.3345
Bhopal, 2010, LST_JUN, 317.4298
Bhopal, 2010, LST_JUL, 308.1823
Bhopal, 2010, LST_AUG, 302.0873
Bhopal, 2010, LST_SEP, 305.2524
Bhopal, 2010, LST_OCT, 309.1694
Bhopal, 2010, LST_NOV, 305.9419
Bhopal, 2011, LST_JUN, 317.344
Bhopal, 2011, LST_JUL, 306.6299
Bhopal, 2011, LST_AUG, 302.1743
Bhopal, 2011, LST_SEP, 304.9469
Bhopal, 2011, LST_OCT, 309.478
Bhopal, 2011, LST_NOV, 306.9532
Bhopal, 2012, LST_JUN, 315.9675
Bhopal, 2012, LST_JUL, 310.5565
Bhopal, 2012, LST_AUG, 301.8537
Bhopal, 2012, LST_SEP, 304.602
Bhopal, 2012, LST_OCT, 309.5088
Bhopal, 2012, LST_NOV, 305.4485
Bhopal, 2013, LST_JUN, 316.3058
Bhopal, 2013, LST_JUL, 299.8073
Bhopal, 2013, LST_AUG, 301.2704
Bhopal, 2013, LST_SEP, 305.8619
Bhopal, 2013, LST_OCT, 308.0243
Bhopal, 2013, LST_NOV, 304.0409
Bhopal, 2014, LST_JUN, 316.8342
Bhopal, 2014, LST_JUL, 312.8205
Bhopal, 2014, LST_AUG, 307.5218
Bhopal, 2014, LST_SEP, 305.439
Bhopal, 2014, LST_OCT, 309.0185
Bhopal, 2014, LST_NOV, 307.0288
Bhopal, 2015, LST_JUN, 317.8919
Bhopal, 2015, LST_JUL, 306.8136
Bhopal, 2015, LST_AUG, 301.171
Bhopal, 2015, LST_SEP, 306.9691
Bhopal, 2015, LST_OCT, 311.5654
Bhopal, 2015, LST_NOV, 307.2766
Bhopal, 2016, LST_JUN, 316.0095
Bhopal, 2016, LST_JUL, 301.7816
Bhopal, 2016, LST_AUG, 300.6231
Bhopal, 2016, LST_SEP, 305.1573
Bhopal, 2016, LST_OCT, 307.9265
Bhopal, 2016, LST_NOV, 305.7958
Bhopal, 2017, LST_JUN, 315.2036
Bhopal, 2017, LST_JUL, 307.049
Bhopal, 2017, LST_AUG, 301.7626
Bhopal, 2017, LST_SEP, 305.7903
Bhopal, 2017, LST_OCT, 309.0081
Bhopal, 2017, LST_NOV, 304.7839
Bhopal, 2018, LST_JUN, 312.4878
Bhopal, 2018, LST_JUL, 307.5374
Bhopal, 2018, LST_AUG, 298.4142
Bhopal, 2018, LST_SEP, 306.0006
Bhopal, 2018, LST_OCT, 310.005
Bhopal, 2018, LST_NOV, 305.916
Bhopal, 2019, LST_JUN, 320.648
Bhopal, 2019, LST_JUL, 308.7154
Bhopal, 2019, LST_AUG, 300.0447
Bhopal, 2019, LST_SEP, 298.9353
Bhopal, 2019, LST_OCT, 304.2702
Bhopal, 2019, LST_NOV, 304.0485
Burhanpur, 2010, LST_JUN, 317.8928
Burhanpur, 2010, LST_JUL, 303.536
Burhanpur, 2010, LST_AUG, 301.7763
Burhanpur, 2010, LST_SEP, 304.7622
Burhanpur, 2010, LST_OCT, 306.5322
Burhanpur, 2010, LST_NOV, 305.5185
Burhanpur, 2011, LST_JUN, 316.9047
Burhanpur, 2011, LST_JUL, 307.4243
Burhanpur, 2011, LST_AUG, 300.9535
Burhanpur, 2011, LST_SEP, 303.7826
Burhanpur, 2011, LST_OCT, 307.4562
Burhanpur, 2011, LST_NOV, 307.6633
Burhanpur, 2012, LST_JUN, 316.2222
Burhanpur, 2012, LST_JUL, 308.7297
Burhanpur, 2012, LST_AUG, 302.1597
Burhanpur, 2012, LST_SEP, 304.1597
Burhanpur, 2012, LST_OCT, 306.8662
Burhanpur, 2012, LST_NOV, 305.9594
Burhanpur, 2013, LST_JUN, 3.16E+02
Burhanpur, 2013, LST_JUL, 301.6763
Burhanpur, 2013, LST_AUG, 300.356
Burhanpur, 2013, LST_SEP, 304.4804
Burhanpur, 2013, LST_OCT, 304.6682
Burhanpur, 2013, LST_NOV, 304.7816
Burhanpur, 2014, LST_JUN, 317.0183
Burhanpur, 2014, LST_JUL, 313.3136
Burhanpur, 2014, LST_AUG, 308.8135
Burhanpur, 2014, LST_SEP, 305.1297
Burhanpur, 2014, LST_OCT, 307.3913
Burhanpur, 2014, LST_NOV, 307.0875
Burhanpur, 2015, LST_JUN, 317.7048
Burhanpur, 2015, LST_JUL, 311.5609
Burhanpur, 2015, LST_AUG, 304.5007
Burhanpur, 2015, LST_SEP, 305.7503
Burhanpur, 2015, LST_OCT, 308.8307
Burhanpur, 2015, LST_NOV, 308.0293
Burhanpur, 2016, LST_JUN, 315.9563
Burhanpur, 2016, LST_JUL, 300.872
Burhanpur, 2016, LST_AUG, 302.101
Burhanpur, 2016, LST_SEP, 302.0041
Burhanpur, 2016, LST_OCT, 304.402
Burhanpur, 2016, LST_NOV, 305.1013
Burhanpur, 2017, LST_JUN, 312.7364
Burhanpur, 2017, LST_JUL, 305.5769
Burhanpur, 2017, LST_AUG, 302.0853
Burhanpur, 2017, LST_SEP, 303.4489
Burhanpur, 2017, LST_OCT, 305.6302
Burhanpur, 2017, LST_NOV, 305.2274
Burhanpur, 2018, LST_JUN, 313.5788
Burhanpur, 2018, LST_JUL, 312.1402
Burhanpur, 2018, LST_AUG, 280.155
Burhanpur, 2018, LST_SEP, 304.0712
Burhanpur, 2018, LST_OCT, 307.4421
Burhanpur, 2018, LST_NOV, 307.3316
Burhanpur, 2019, LST_JUN, 319.3934
Burhanpur, 2019, LST_JUL, 309.5825
Burhanpur, 2019, LST_AUG, 301.2917
Burhanpur, 2019, LST_SEP, 302.5658
Burhanpur, 2019, LST_OCT, 303.6947
Burhanpur, 2019, LST_NOV, 302.2332
Chhatarpur, 2010, LST_JUN, 319.0835
Chhatarpur, 2010, LST_JUL, 313.7449
Chhatarpur, 2010, LST_AUG, 302.2524
Chhatarpur, 2010, LST_SEP, 304.4466
Chhatarpur, 2010, LST_OCT, 306.4756
Chhatarpur, 2010, LST_NOV, 305.0094
Chhatarpur, 2011, LST_JUN, 317.1921
Chhatarpur, 2011, LST_JUL, 306.6209
Chhatarpur, 2011, LST_AUG, 302.9139
Chhatarpur, 2011, LST_SEP, 303.767
Chhatarpur, 2011, LST_OCT, 307.7356
Chhatarpur, 2011, LST_NOV, 304.9051
Chhatarpur, 2012, LST_JUN, 317.6143
Chhatarpur, 2012, LST_JUL, 314.0505
Chhatarpur, 2012, LST_AUG, 300.8583
Chhatarpur, 2012, LST_SEP, 304.1048
Chhatarpur, 2012, LST_OCT, 308.0907
Chhatarpur, 2012, LST_NOV, 303.8754
Chhatarpur, 2013, LST_JUN, 314.9791
Chhatarpur, 2013, LST_JUL, 303.2258
Chhatarpur, 2013, LST_AUG, 300.58
Chhatarpur, 2013, LST_SEP, 304.4233
Chhatarpur, 2013, LST_OCT, 305.3804
Chhatarpur, 2013, LST_NOV, 302.9861
Chhatarpur, 2014, LST_JUN, 317.6222
Chhatarpur, 2014, LST_JUL, 312.7471
Chhatarpur, 2014, LST_AUG, 306.716
Chhatarpur, 2014, LST_SEP, 306.5908
Chhatarpur, 2014, LST_OCT, 308.1967
Chhatarpur, 2014, LST_NOV, 306.113
Chhatarpur, 2015, LST_JUN, 316.9148
Chhatarpur, 2015, LST_JUL, 306.7973
Chhatarpur, 2015, LST_AUG, 303.8703
Chhatarpur, 2015, LST_SEP, 307.4045
Chhatarpur, 2015, LST_OCT, 311.5586
Chhatarpur, 2015, LST_NOV, 306.6579
Chhatarpur, 2016, LST_JUN, 319.4113
Chhatarpur, 2016, LST_JUL, 304.8069
Chhatarpur, 2016, LST_AUG, 302.8767
Chhatarpur, 2016, LST_SEP, 305.0821
Chhatarpur, 2016, LST_OCT, 307.6818
Chhatarpur, 2016, LST_NOV, 304.3715
Chhatarpur, 2017, LST_JUN, 316.361
Chhatarpur, 2017, LST_JUL, 306.4084
Chhatarpur, 2017, LST_AUG, 303.7091
Chhatarpur, 2017, LST_SEP, 305.5611
Chhatarpur, 2017, LST_OCT, 309.3091
Chhatarpur, 2017, LST_NOV, 304.8237
Chhatarpur, 2018, LST_JUN, 316.8494
Chhatarpur, 2018, LST_JUL, 312.0745
Chhatarpur, 2018, LST_AUG, 302.1959
Chhatarpur, 2018, LST_SEP, 304.0701
Chhatarpur, 2018, LST_OCT, 309.111
Chhatarpur, 2018, LST_NOV, 305.0417
Chhatarpur, 2019, LST_JUN, 318.8761
Chhatarpur, 2019, LST_JUL, 310.1496
Chhatarpur, 2019, LST_AUG, 302.2549
Chhatarpur, 2019, LST_SEP, 302.1541
Chhatarpur, 2019, LST_OCT, 304.4438
Chhatarpur, 2019, LST_NOV, 304.0495
Chhindwara, 2010, LST_JUN, 315.8294
Chhindwara, 2010, LST_JUL, 306.5621
Chhindwara, 2010, LST_AUG, 302.3648
Chhindwara, 2010, LST_SEP, 303.2788
Chhindwara, 2010, LST_OCT, 304.1947
Chhindwara, 2010, LST_NOV, 302.5499
Chhindwara, 2011, LST_JUN, 316.4237
Chhindwara, 2011, LST_JUL, 304.9373
Chhindwara, 2011, LST_AUG, 300.2837
Chhindwara, 2011, LST_SEP, 303.0408
Chhindwara, 2011, LST_OCT, 305.8035
Chhindwara, 2011, LST_NOV, 305.1704
Chhindwara, 2012, LST_JUN, 315.7455
Chhindwara, 2012, LST_JUL, 306.7997
Chhindwara, 2012, LST_AUG, 301.0004
Chhindwara, 2012, LST_SEP, 303.1777
Chhindwara, 2012, LST_OCT, 304.897
Chhindwara, 2012, LST_NOV, 303.3912
Chhindwara, 2013, LST_JUN, 316.7249
Chhindwara, 2013, LST_JUL, 301.0169
Chhindwara, 2013, LST_AUG, 299.7569
Chhindwara, 2013, LST_SEP, 303.4909
Chhindwara, 2013, LST_OCT, 302.4136
Chhindwara, 2013, LST_NOV, 302.5553
Chhindwara, 2014, LST_JUN, 317.0485
Chhindwara, 2014, LST_JUL, 312.142
Chhindwara, 2014, LST_AUG, 304.7973
Chhindwara, 2014, LST_SEP, 304.7087
Chhindwara, 2014, LST_OCT, 305.1101
Chhindwara, 2014, LST_NOV, 304.0088
Chhindwara, 2015, LST_JUN, 314.8627
Chhindwara, 2015, LST_JUL, 305.9851
Chhindwara, 2015, LST_AUG, 303.7504
Chhindwara, 2015, LST_SEP, 304.4747
Chhindwara, 2015, LST_OCT, 306.4683
Chhindwara, 2015, LST_NOV, 304.2727
Chhindwara, 2016, LST_JUN, 315.7381
Chhindwara, 2016, LST_JUL, 303.373
Chhindwara, 2016, LST_AUG, 301.7916
Chhindwara, 2016, LST_SEP, 301.87
Chhindwara, 2016, LST_OCT, 303.3827
Chhindwara, 2016, LST_NOV, 303.6598
Chhindwara, 2017, LST_JUN, 315.1705
Chhindwara, 2017, LST_JUL, 306.1779
Chhindwara, 2017, LST_AUG, 301.943
Chhindwara, 2017, LST_SEP, 302.1416
Chhindwara, 2017, LST_OCT, 304.1376
Chhindwara, 2017, LST_NOV, 303.0925
Chhindwara, 2018, LST_JUN, 313.0016
Chhindwara, 2018, LST_JUL, 305.7588
Chhindwara, 2018, LST_AUG, 302.0158
Chhindwara, 2018, LST_SEP, 302.5312
Chhindwara, 2018, LST_OCT, 305.0133
Chhindwara, 2018, LST_NOV, 304.912
Chhindwara, 2019, LST_JUN, 319.7784
Chhindwara, 2019, LST_JUL, 309.6007
Chhindwara, 2019, LST_AUG, 299.4733
Chhindwara, 2019, LST_SEP, 299.2887
Chhindwara, 2019, LST_OCT, 302.0658
Chhindwara, 2019, LST_NOV, 302.1062
Damoh, 2010, LST_JUN, 318.4193
Damoh, 2010, LST_JUL, 311.3612
Damoh, 2010, LST_AUG, 302.5512
Damoh, 2010, LST_SEP, 304.0185
Damoh, 2010, LST_OCT, 306.103
Damoh, 2010, LST_NOV, 305.2846
Damoh, 2011, LST_JUN, 318.3055
Damoh, 2011, LST_JUL, 305.7374
Damoh, 2011, LST_AUG, 302.9384
Damoh, 2011, LST_SEP, 304.0656
Damoh, 2011, LST_OCT, 307.9561
Damoh, 2011, LST_NOV, 305.8816
Damoh, 2012, LST_JUN, 316.8572
Damoh, 2012, LST_JUL, 312.1233
Damoh, 2012, LST_AUG, 301.7951
Damoh, 2012, LST_SEP, 304.1391
Damoh, 2012, LST_OCT, 308.2633
Damoh, 2012, LST_NOV, 304.6544
Damoh, 2013, LST_JUN, 317.3321
Damoh, 2013, LST_JUL, 302.6579
Damoh, 2013, LST_AUG, 300.4256
Damoh, 2013, LST_SEP, 304.459
Damoh, 2013, LST_OCT, 304.8708
Damoh, 2013, LST_NOV, 303.4725
Damoh, 2014, LST_JUN, 318.154
Damoh, 2014, LST_JUL, 311.477
Damoh, 2014, LST_AUG, 306.7659
Damoh, 2014, LST_SEP, 306.7823
Damoh, 2014, LST_OCT, 308.0178
Damoh, 2014, LST_NOV, 306.0841
Damoh, 2015, LST_JUN, 316.8763
Damoh, 2015, LST_JUL, 305.8941
Damoh, 2015, LST_AUG, 302.8757
Damoh, 2015, LST_SEP, 306.5787
Damoh, 2015, LST_OCT, 310.3288
Damoh, 2015, LST_NOV, 306.1289
Damoh, 2016, LST_JUN, 317.5181
Damoh, 2016, LST_JUL, 307.8661
Damoh, 2016, LST_AUG, 302.9724
Damoh, 2016, LST_SEP, 304.6765
Damoh, 2016, LST_OCT, 306.7982
Damoh, 2016, LST_NOV, 304.7827
Damoh, 2017, LST_JUN, 316.9305
Damoh, 2017, LST_JUL, 309.0662
Damoh, 2017, LST_AUG, 303.3849
Damoh, 2017, LST_SEP, 305.0842
Damoh, 2017, LST_OCT, 308.6317
Damoh, 2017, LST_NOV, 304.5744
Damoh, 2018, LST_JUN, 316.0631
Damoh, 2018, LST_JUL, 310.1199
Damoh, 2018, LST_AUG, 303.5466
Damoh, 2018, LST_SEP, 304.6144
Damoh, 2018, LST_OCT, 309.0237
Damoh, 2018, LST_NOV, 306.0507
Damoh, 2019, LST_JUN, 319.6788
Damoh, 2019, LST_JUL, 309.9211
Damoh, 2019, LST_AUG, 301.4398
Damoh, 2019, LST_SEP, 302.3395
Damoh, 2019, LST_OCT, 304.0357
Damoh, 2019, LST_NOV, 304.6106
Datia, 2010, LST_JUN, 318.4734
Datia, 2010, LST_JUL, 312.4465
Datia, 2010, LST_AUG, 306.4485
Datia, 2010, LST_SEP, 305.5283
Datia, 2010, LST_OCT, 308.1372
Datia, 2010, LST_NOV, 304.2232
Datia, 2011, LST_JUN, 315.6716
Datia, 2011, LST_JUL, 307.8317
Datia, 2011, LST_AUG, 306.1081
Datia, 2011, LST_SEP, 307.6199
Datia, 2011, LST_OCT, 310.6243
Datia, 2011, LST_NOV, 305.4094
Datia, 2012, LST_JUN, 316.5647
Datia, 2012, LST_JUL, 309.0021
Datia, 2012, LST_AUG, 303.0893
Datia, 2012, LST_SEP, 306.8443
Datia, 2012, LST_OCT, 309.309
Datia, 2012, LST_NOV, 303.1371
Datia, 2013, LST_JUN, 314.2541
Datia, 2013, LST_JUL, 306.811
Datia, 2013, LST_AUG, 304.0241
Datia, 2013, LST_SEP, 304.4122
Datia, 2013, LST_OCT, 306.322
Datia, 2013, LST_NOV, 302.9524
Datia, 2014, LST_JUN, 318.4817
Datia, 2014, LST_JUL, 315.1344
Datia, 2014, LST_AUG, 307.1017
Datia, 2014, LST_SEP, 306.2694
Datia, 2014, LST_OCT, 308.983
Datia, 2014, LST_NOV, 305.0372
Datia, 2015, LST_JUN, 316.737
Datia, 2015, LST_JUL, 311.5105
Datia, 2015, LST_AUG, 305.6531
Datia, 2015, LST_SEP, 307.5077
Datia, 2015, LST_OCT, 310.7469
Datia, 2015, LST_NOV, 305.1055
Datia, 2016, LST_JUN, 315.0775
Datia, 2016, LST_JUL, 307.1233
Datia, 2016, LST_AUG, 302.7678
Datia, 2016, LST_SEP, 306.6755
Datia, 2016, LST_OCT, 309.9489
Datia, 2016, LST_NOV, 304.8347
Datia, 2017, LST_JUN, 316.2971
Datia, 2017, LST_JUL, 311.9175
Datia, 2017, LST_AUG, 306.7683
Datia, 2017, LST_SEP, 306.6765
Datia, 2017, LST_OCT, 310.952
Datia, 2017, LST_NOV, 304.0375
Datia, 2018, LST_JUN, 314.1861
Datia, 2018, LST_JUL, 313.4273
Datia, 2018, LST_AUG, 304.806
Datia, 2018, LST_SEP, 304.2011
Datia, 2018, LST_OCT, 308.4728
Datia, 2018, LST_NOV, 303.3286
Datia, 2019, LST_JUN, 318.0307
Datia, 2019, LST_JUL, 312.3874
Datia, 2019, LST_AUG, 303.3628
Datia, 2019, LST_SEP, 301.9622
Datia, 2019, LST_OCT, 304.1868
Datia, 2019, LST_NOV, 303.5856
Dewas, 2010, LST_JUN, 316.7459
Dewas, 2010, LST_JUL, 305.8363
Dewas, 2010, LST_AUG, 300.4457
Dewas, 2010, LST_SEP, 305.8275
Dewas, 2010, LST_OCT, 308.8087
Dewas, 2010, LST_NOV, 305.9092
Dewas, 2011, LST_JUN, 316.488
Dewas, 2011, LST_JUL, 305.5057
Dewas, 2011, LST_AUG, 301.0515
Dewas, 2011, LST_SEP, 305.4208
Dewas, 2011, LST_OCT, 308.9196
Dewas, 2011, LST_NOV, 306.8783
Dewas, 2012, LST_JUN, 316.3075
Dewas, 2012, LST_JUL, 311.0486
Dewas, 2012, LST_AUG, 301.5945
Dewas, 2012, LST_SEP, 304.5931
Dewas, 2012, LST_OCT, 308.3851
Dewas, 2012, LST_NOV, 305.1182
Dewas, 2013, LST_JUN, 313.8696
Dewas, 2013, LST_JUL, 300.1827
Dewas, 2013, LST_AUG, 300.0235
Dewas, 2013, LST_SEP, 306.5348
Dewas, 2013, LST_OCT, 307.3809
Dewas, 2013, LST_NOV, 303.9159
Dewas, 2014, LST_JUN, 316.3743
Dewas, 2014, LST_JUL, 313.6649
Dewas, 2014, LST_AUG, 304.8808
Dewas, 2014, LST_SEP, 304.0413
Dewas, 2014, LST_OCT, 308.789
Dewas, 2014, LST_NOV, 307.4779
Dewas, 2015, LST_JUN, 317.2222
Dewas, 2015, LST_JUL, 306.9697
Dewas, 2015, LST_AUG, 300.938
Dewas, 2015, LST_SEP, 306.8837
Dewas, 2015, LST_OCT, 310.4346
Dewas, 2015, LST_NOV, 306.9783
Dewas, 2016, LST_JUN, 317.6267
Dewas, 2016, LST_JUL, 300.432
Dewas, 2016, LST_AUG, 299.0014
Dewas, 2016, LST_SEP, 304.8484
Dewas, 2016, LST_OCT, 307.6982
Dewas, 2016, LST_NOV, 305.6895
Dewas, 2017, LST_JUN, 315.1602
Dewas, 2017, LST_JUL, 308.3861
Dewas, 2017, LST_AUG, 301.1331
Dewas, 2017, LST_SEP, 305.6658
Dewas, 2017, LST_OCT, 309.531
Dewas, 2017, LST_NOV, 305.2228
Dewas, 2018, LST_JUN, 312.606
Dewas, 2018, LST_JUL, 305.6111
Dewas, 2018, LST_AUG, 298.1274
Dewas, 2018, LST_SEP, 307.1959
Dewas, 2018, LST_OCT, 310.6377
Dewas, 2018, LST_NOV, 306.2094
Dewas, 2019, LST_JUN, 319.3034
Dewas, 2019, LST_JUL, 308.6948
Dewas, 2019, LST_AUG, 300.1409
Dewas, 2019, LST_SEP, 302.431
Dewas, 2019, LST_OCT, 304.71
Dewas, 2019, LST_NOV, 304.2329
Dhar, 2010, LST_JUN, 316.4625
Dhar, 2010, LST_JUL, 305.8466
Dhar, 2010, LST_AUG, 299.9531
Dhar, 2010, LST_SEP, 305.9363
Dhar, 2010, LST_OCT, 310.0923
Dhar, 2010, LST_NOV, 306.7858
Dhar, 2011, LST_JUN, 315.0875
Dhar, 2011, LST_JUL, 308.4321
Dhar, 2011, LST_AUG, 299.5118
Dhar, 2011, LST_SEP, 304.8489
Dhar, 2011, LST_OCT, 310.2054
Dhar, 2011, LST_NOV, 308.9828
Dhar, 2012, LST_JUN, 314.3094
Dhar, 2012, LST_JUL, 309.8143
Dhar, 2012, LST_AUG, 302.5498
Dhar, 2012, LST_SEP, 303.6188
Dhar, 2012, LST_OCT, 309.4446
Dhar, 2012, LST_NOV, 306.9949
Dhar, 2013, LST_JUN, 311.4909
Dhar, 2013, LST_JUL, 305.5531
Dhar, 2013, LST_AUG, 300.0113
Dhar, 2013, LST_SEP, 305.0872
Dhar, 2013, LST_OCT, 307.1975
Dhar, 2013, LST_NOV, 305.5847
Dhar, 2014, LST_JUN, 315.3859
Dhar, 2014, LST_JUL, 311.3625
Dhar, 2014, LST_AUG, 305.3173
Dhar, 2014, LST_SEP, 304.4317
Dhar, 2014, LST_OCT, 309.329
Dhar, 2014, LST_NOV, 308.1896
Dhar, 2015, LST_JUN, 3.16E+02
Dhar, 2015, LST_JUL, 306.4283
Dhar, 2015, LST_AUG, 302.079
Dhar, 2015, LST_SEP, 307.0993
Dhar, 2015, LST_OCT, 311.0073
Dhar, 2015, LST_NOV, 308.5803
Dhar, 2016, LST_JUN, 317.0692
Dhar, 2016, LST_JUL, 302.7702
Dhar, 2016, LST_AUG, 299.9131
Dhar, 2016, LST_SEP, 302.8711
Dhar, 2016, LST_OCT, 307.228
Dhar, 2016, LST_NOV, 306.8773
Dhar, 2017, LST_JUN, 312.2834
Dhar, 2017, LST_JUL, 306.1044
Dhar, 2017, LST_AUG, 300.4343
Dhar, 2017, LST_SEP, 305.4403
Dhar, 2017, LST_OCT, 309.9428
Dhar, 2017, LST_NOV, 306.5485
Dhar, 2018, LST_JUN, 312.0183
Dhar, 2018, LST_JUL, 307.1087
Dhar, 2018, LST_AUG, 295.2495
Dhar, 2018, LST_SEP, 305.572
Dhar, 2018, LST_OCT, 310.4141
Dhar, 2018, LST_NOV, 307.6025
Dhar, 2019, LST_JUN, 318.2655
Dhar, 2019, LST_JUL, 307.9754
Dhar, 2019, LST_AUG, 299.8221
Dhar, 2019, LST_SEP, 301.5048
Dhar, 2019, LST_OCT, 305.3378
Dhar, 2019, LST_NOV, 304.8047
Dindori, 2010, LST_JUN, 314.8111
Dindori, 2010, LST_JUL, 305.0079
Dindori, 2010, LST_AUG, 301.2241
Dindori, 2010, LST_SEP, 301.4715
Dindori, 2010, LST_OCT, 302.2063
Dindori, 2010, LST_NOV, 301.3334
Dindori, 2011, LST_JUN, 314.5236
Dindori, 2011, LST_JUL, 302.5044
Dindori, 2011, LST_AUG, 302.1562
Dindori, 2011, LST_SEP, 301.4035
Dindori, 2011, LST_OCT, 303.4051
Dindori, 2011, LST_NOV, 302.4839
Dindori, 2012, LST_JUN, 313.5328
Dindori, 2012, LST_JUL, 310.1331
Dindori, 2012, LST_AUG, 300.4247
Dindori, 2012, LST_SEP, 302.0822
Dindori, 2012, LST_OCT, 303.0875
Dindori, 2012, LST_NOV, 300.5382
Dindori, 2013, LST_JUN, 314.4235
Dindori, 2013, LST_JUL, 302.3923
Dindori, 2013, LST_AUG, 301.1189
Dindori, 2013, LST_SEP, 301.8436
Dindori, 2013, LST_OCT, 300.3963
Dindori, 2013, LST_NOV, 299.9927
Dindori, 2014, LST_JUN, 313.4985
Dindori, 2014, LST_JUL, 307.5939
Dindori, 2014, LST_AUG, 302.8961
Dindori, 2014, LST_SEP, 302.0675
Dindori, 2014, LST_OCT, 302.3129
Dindori, 2014, LST_NOV, 301.0934
Dindori, 2015, LST_JUN, 311.7011
Dindori, 2015, LST_JUL, 302.8019
Dindori, 2015, LST_AUG, 303.244
Dindori, 2015, LST_SEP, 302.5796
Dindori, 2015, LST_OCT, 304.1882
Dindori, 2015, LST_NOV, 301.7699
Dindori, 2016, LST_JUN, 312.985
Dindori, 2016, LST_JUL, 304.1385
Dindori, 2016, LST_AUG, 301.9176
Dindori, 2016, LST_SEP, 301.1783
Dindori, 2016, LST_OCT, 301.654
Dindori, 2016, LST_NOV, 301.1033
Dindori, 2017, LST_JUN, 314.2511
Dindori, 2017, LST_JUL, 301.98
Dindori, 2017, LST_AUG, 301.3439
Dindori, 2017, LST_SEP, 302.0296
Dindori, 2017, LST_OCT, 303.1322
Dindori, 2017, LST_NOV, 301.6292
Dindori, 2018, LST_JUN, 310.5053
Dindori, 2018, LST_JUL, 303.4823
Dindori, 2018, LST_AUG, 299.4947
Dindori, 2018, LST_SEP, 302.7039
Dindori, 2018, LST_OCT, 304.1662
Dindori, 2018, LST_NOV, 302.6104
Dindori, 2019, LST_JUN, 316.4535
Dindori, 2019, LST_JUL, 304.6129
Dindori, 2019, LST_AUG, 301.5439
Dindori, 2019, LST_SEP, 301.4026
Dindori, 2019, LST_OCT, 300.99
Dindori, 2019, LST_NOV, 300.8684
Guna, 2010, LST_JUN, 3.20E+02
Guna, 2010, LST_JUL, 310.212
Guna, 2010, LST_AUG, 301.2945
Guna, 2010, LST_SEP, 304.1684
Guna, 2010, LST_OCT, 309.0421
Guna, 2010, LST_NOV, 305.7677
Guna, 2011, LST_JUN, 318.1111
Guna, 2011, LST_JUL, 304.8931
Guna, 2011, LST_AUG, 302.042
Guna, 2011, LST_SEP, 304.5854
Guna, 2011, LST_OCT, 309.5556
Guna, 2011, LST_NOV, 306.9322
Guna, 2012, LST_JUN, 316.2442
Guna, 2012, LST_JUL, 314.3431
Guna, 2012, LST_AUG, 301.3892
Guna, 2012, LST_SEP, 304.1256
Guna, 2012, LST_OCT, 309.2858
Guna, 2012, LST_NOV, 305.9155
Guna, 2013, LST_JUN, 314.9885
Guna, 2013, LST_JUL, 303.236
Guna, 2013, LST_AUG, 302.1688
Guna, 2013, LST_SEP, 306.1928
Guna, 2013, LST_OCT, 308.2311
Guna, 2013, LST_NOV, 304.8304
Guna, 2014, LST_JUN, 317.369
Guna, 2014, LST_JUL, 313.8178
Guna, 2014, LST_AUG, 308.4703
Guna, 2014, LST_SEP, 306.1382
Guna, 2014, LST_OCT, 310.0283
Guna, 2014, LST_NOV, 307.4653
Guna, 2015, LST_JUN, 318.09
Guna, 2015, LST_JUL, 308.0623
Guna, 2015, LST_AUG, 301.7064
Guna, 2015, LST_SEP, 307.146
Guna, 2015, LST_OCT, 311.9823
Guna, 2015, LST_NOV, 307.507
Guna, 2016, LST_JUN, 317.4074
Guna, 2016, LST_JUL, 303.4417
Guna, 2016, LST_AUG, 300.8524
Guna, 2016, LST_SEP, 305.0736
Guna, 2016, LST_OCT, 308.9638
Guna, 2016, LST_NOV, 306.8561
Guna, 2017, LST_JUN, 315.924
Guna, 2017, LST_JUL, 308.6693
Guna, 2017, LST_AUG, 302.5123
Guna, 2017, LST_SEP, 305.9982
Guna, 2017, LST_OCT, 310.9363
Guna, 2017, LST_NOV, 305.6349
Guna, 2018, LST_JUN, 313.0851
Guna, 2018, LST_JUL, 310.5049
Guna, 2018, LST_AUG, 299.8762
Guna, 2018, LST_SEP, 304.775
Guna, 2018, LST_OCT, 310.3699
Guna, 2018, LST_NOV, 306.2537
Guna, 2019, LST_JUN, 319.9457
Guna, 2019, LST_JUL, 310.1517
Guna, 2019, LST_AUG, 298.8202
Guna, 2019, LST_SEP, 301.8432
Guna, 2019, LST_OCT, 305.0092
Guna, 2019, LST_NOV, 304.3398
Gwalior, 2010, LST_JUN, 317.2159
Gwalior, 2010, LST_JUL, 312.6004
Gwalior, 2010, LST_AUG, 304.9566
Gwalior, 2010, LST_SEP, 304.9596
Gwalior, 2010, LST_OCT, 307.3736
Gwalior, 2010, LST_NOV, 302.7956
Gwalior, 2011, LST_JUN, 315.1958
Gwalior, 2011, LST_JUL, 308.6225
Gwalior, 2011, LST_AUG, 304.1344
Gwalior, 2011, LST_SEP, 306.2642
Gwalior, 2011, LST_OCT, 308.4322
Gwalior, 2011, LST_NOV, 305.0201
Gwalior, 2012, LST_JUN, 315.5574
Gwalior, 2012, LST_JUL, 310.7685
Gwalior, 2012, LST_AUG, 302.076
Gwalior, 2012, LST_SEP, 305.39
Gwalior, 2012, LST_OCT, 307.335
Gwalior, 2012, LST_NOV, 302.9733
Gwalior, 2013, LST_JUN, 313.5583
Gwalior, 2013, LST_JUL, 305.3633
Gwalior, 2013, LST_AUG, 302.5509
Gwalior, 2013, LST_SEP, 304.3203
Gwalior, 2013, LST_OCT, 304.4695
Gwalior, 2013, LST_NOV, 302.3031
Gwalior, 2014, LST_JUN, 316.9778
Gwalior, 2014, LST_JUL, 313.0043
Gwalior, 2014, LST_AUG, 307.9958
Gwalior, 2014, LST_SEP, 306.3912
Gwalior, 2014, LST_OCT, 308.0261
Gwalior, 2014, LST_NOV, 304.9432
Gwalior, 2015, LST_JUN, 316.3315
Gwalior, 2015, LST_JUL, 309.8072
Gwalior, 2015, LST_AUG, 303.8303
Gwalior, 2015, LST_SEP, 307.8047
Gwalior, 2015, LST_OCT, 309.8377
Gwalior, 2015, LST_NOV, 304.6171
Gwalior, 2016, LST_JUN, 314.5679
Gwalior, 2016, LST_JUL, 306.2739
Gwalior, 2016, LST_AUG, 301.769
Gwalior, 2016, LST_SEP, 305.9617
Gwalior, 2016, LST_OCT, 307.7492
Gwalior, 2016, LST_NOV, 304.7832
Gwalior, 2017, LST_JUN, 315.2752
Gwalior, 2017, LST_JUL, 310.5037
Gwalior, 2017, LST_AUG, 308.6267
Gwalior, 2017, LST_SEP, 306.9763
Gwalior, 2017, LST_OCT, 310.4054
Gwalior, 2017, LST_NOV, 304.0448
Gwalior, 2018, LST_JUN, 3.14E+02
Gwalior, 2018, LST_JUL, 313.999
Gwalior, 2018, LST_AUG, 304.1801
Gwalior, 2018, LST_SEP, 303.8516
Gwalior, 2018, LST_OCT, 308.0242
Gwalior, 2018, LST_NOV, 303.518
Gwalior, 2019, LST_JUN, 317.7408
Gwalior, 2019, LST_JUL, 311.7874
Gwalior, 2019, LST_AUG, 302.1444
Gwalior, 2019, LST_SEP, 303.2315
Gwalior, 2019, LST_OCT, 304.6388
Gwalior, 2019, LST_NOV, 302.7676
Harda, 2010, LST_JUN, 318.0348
Harda, 2010, LST_JUL, 309.9936
Harda, 2010, LST_AUG, 301.4714
Harda, 2010, LST_SEP, 302.777
Harda, 2010, LST_OCT, 307.2005
Harda, 2010, LST_NOV, 305.8015
Harda, 2011, LST_JUN, 315.9172
Harda, 2011, LST_JUL, 303.9959
Harda, 2011, LST_AUG, 300.7661
Harda, 2011, LST_SEP, 305.2507
Harda, 2011, LST_OCT, 308.9613
Harda, 2011, LST_NOV, 307.1862
Harda, 2012, LST_JUN, 316.133
Harda, 2012, LST_JUL, 308.1931
Harda, 2012, LST_AUG, 301.4736
Harda, 2012, LST_SEP, 304.74
Harda, 2012, LST_OCT, 308.9132
Harda, 2012, LST_NOV, 305.0179
Harda, 2013, LST_JUN, 315.7681
Harda, 2013, LST_JUL, 300.6863
Harda, 2013, LST_AUG, 300.5562
Harda, 2013, LST_SEP, 305.7265
Harda, 2013, LST_OCT, 307.5787
Harda, 2013, LST_NOV, 304.3275
Harda, 2014, LST_JUN, 317.9764
Harda, 2014, LST_JUL, 314.2844
Harda, 2014, LST_AUG, 307.0525
Harda, 2014, LST_SEP, 303.8966
Harda, 2014, LST_OCT, 307.6281
Harda, 2014, LST_NOV, 306.9465
Harda, 2015, LST_JUN, 317.565
Harda, 2015, LST_JUL, 311.0765
Harda, 2015, LST_AUG, 300.7133
Harda, 2015, LST_SEP, 307.0526
Harda, 2015, LST_OCT, 311.039
Harda, 2015, LST_NOV, 307.4911
Harda, 2016, LST_JUN, 316.5368
Harda, 2016, LST_JUL, 300.5293
Harda, 2016, LST_AUG, 301.2702
Harda, 2016, LST_SEP, 303.4248
Harda, 2016, LST_OCT, 306.866
Harda, 2016, LST_NOV, 305.6434
Harda, 2017, LST_JUN, 316.0491
Harda, 2017, LST_JUL, 307.4637
Harda, 2017, LST_AUG, 302.9756
Harda, 2017, LST_SEP, 304.2444
Harda, 2017, LST_OCT, 308.5609
Harda, 2017, LST_NOV, 305.6012
Harda, 2018, LST_JUN, 311.8441
Harda, 2018, LST_JUL, 312.5862
Harda, 2018, LST_AUG, 295.6994
Harda, 2018, LST_SEP, 305.0544
Harda, 2018, LST_OCT, 310.1048
Harda, 2018, LST_NOV, 306.6401
Harda, 2019, LST_JUN, 319.5238
Harda, 2019, LST_JUL, 310.7688
Harda, 2019, LST_AUG, 301.1484
Harda, 2019, LST_SEP, 301.8478
Harda, 2019, LST_OCT, 304.9249
Harda, 2019, LST_NOV, 304.9761
Hoshangabad, 2010, LST_JUN, 316.3379
Hoshangabad, 2010, LST_JUL, 312.8677
Hoshangabad, 2010, LST_AUG, 302.7961
Hoshangabad, 2010, LST_SEP, 302.7709
Hoshangabad, 2010, LST_OCT, 305.7216
Hoshangabad, 2010, LST_NOV, 304.1492
Hoshangabad, 2011, LST_JUN, 316.1271
Hoshangabad, 2011, LST_JUL, 304.9074
Hoshangabad, 2011, LST_AUG, 301.7071
Hoshangabad, 2011, LST_SEP, 303.7424
Hoshangabad, 2011, LST_OCT, 307.1371
Hoshangabad, 2011, LST_NOV, 305.0718
Hoshangabad, 2012, LST_JUN, 315.5919
Hoshangabad, 2012, LST_JUL, 306.7329
Hoshangabad, 2012, LST_AUG, 301.8391
Hoshangabad, 2012, LST_SEP, 304.4205
Hoshangabad, 2012, LST_OCT, 307.2516
Hoshangabad, 2012, LST_NOV, 302.9855
Hoshangabad, 2013, LST_JUN, 314.4292
Hoshangabad, 2013, LST_JUL, 299.4128
Hoshangabad, 2013, LST_AUG, 298.9872
Hoshangabad, 2013, LST_SEP, 305.5085
Hoshangabad, 2013, LST_OCT, 305.7862
Hoshangabad, 2013, LST_NOV, 302.724
Hoshangabad, 2014, LST_JUN, 315.625
Hoshangabad, 2014, LST_JUL, 311.6724
Hoshangabad, 2014, LST_AUG, 306.794
Hoshangabad, 2014, LST_SEP, 303.6946
Hoshangabad, 2014, LST_OCT, 305.9856
Hoshangabad, 2014, LST_NOV, 304.3824
Hoshangabad, 2015, LST_JUN, 315.0183
Hoshangabad, 2015, LST_JUL, 307.9527
Hoshangabad, 2015, LST_AUG, 302.0998
Hoshangabad, 2015, LST_SEP, 304.9828
Hoshangabad, 2015, LST_OCT, 307.8919
Hoshangabad, 2015, LST_NOV, 305.0855
Hoshangabad, 2016, LST_JUN, 314.6512
Hoshangabad, 2016, LST_JUL, 303.8218
Hoshangabad, 2016, LST_AUG, 302.252
Hoshangabad, 2016, LST_SEP, 302.6597
Hoshangabad, 2016, LST_OCT, 304.8346
Hoshangabad, 2016, LST_NOV, 303.4104
Hoshangabad, 2017, LST_JUN, 314.2044
Hoshangabad, 2017, LST_JUL, 305.9947
Hoshangabad, 2017, LST_AUG, 302.9194
Hoshangabad, 2017, LST_SEP, 303.0106
Hoshangabad, 2017, LST_OCT, 305.4078
Hoshangabad, 2017, LST_NOV, 303.5768
Hoshangabad, 2018, LST_JUN, 311.1629
Hoshangabad, 2018, LST_JUL, 309.9088
Hoshangabad, 2018, LST_AUG, 291.5827
Hoshangabad, 2018, LST_SEP, 303.0965
Hoshangabad, 2018, LST_OCT, 306.4084
Hoshangabad, 2018, LST_NOV, 304.48
Hoshangabad, 2019, LST_JUN, 316.5951
Hoshangabad, 2019, LST_JUL, 309.0028
Hoshangabad, 2019, LST_AUG, 301.1887
Hoshangabad, 2019, LST_SEP, 299.2099
Hoshangabad, 2019, LST_OCT, 302.8104
Hoshangabad, 2019, LST_NOV, 303.1349
Indore, 2010, LST_JUN, 315.6965
Indore, 2010, LST_JUL, 305.4967
Indore, 2010, LST_AUG, 299.9388
Indore, 2010, LST_SEP, 306.3645
Indore, 2010, LST_OCT, 309.4313
Indore, 2010, LST_NOV, 305.3659
Indore, 2011, LST_JUN, 314.4775
Indore, 2011, LST_JUL, 305.0525
Indore, 2011, LST_AUG, 299.9853
Indore, 2011, LST_SEP, 305.1299
Indore, 2011, LST_OCT, 310.0048
Indore, 2011, LST_NOV, 307.2537
Indore, 2012, LST_JUN, 314.4316
Indore, 2012, LST_JUL, 311.7365
Indore, 2012, LST_AUG, 300.7703
Indore, 2012, LST_SEP, 304.2751
Indore, 2012, LST_OCT, 308.982
Indore, 2012, LST_NOV, 305.4601
Indore, 2013, LST_JUN, 311.9108
Indore, 2013, LST_JUL, 304.8433
Indore, 2013, LST_AUG, 299.8394
Indore, 2013, LST_SEP, 305.5573
Indore, 2013, LST_OCT, 306.8469
Indore, 2013, LST_NOV, 304.1523
Indore, 2014, LST_JUN, 315.8342
Indore, 2014, LST_JUL, 310.9083
Indore, 2014, LST_AUG, 304.287
Indore, 2014, LST_SEP, 303.0575
Indore, 2014, LST_OCT, 308.9376
Indore, 2014, LST_NOV, 307.1616
Indore, 2015, LST_JUN, 316.2363
Indore, 2015, LST_JUL, 304.1451
Indore, 2015, LST_AUG, 301.2331
Indore, 2015, LST_SEP, 307.6686
Indore, 2015, LST_OCT, 311.0883
Indore, 2015, LST_NOV, 306.6938
Indore, 2016, LST_JUN, 316.9922
Indore, 2016, LST_JUL, 300.3567
Indore, 2016, LST_AUG, 297.9186
Indore, 2016, LST_SEP, 304.5593
Indore, 2016, LST_OCT, 307.9661
Indore, 2016, LST_NOV, 306.1556
Indore, 2017, LST_JUN, 312.5012
Indore, 2017, LST_JUL, 306.3926
Indore, 2017, LST_AUG, 299.1112
Indore, 2017, LST_SEP, 306.4202
Indore, 2017, LST_OCT, 310.257
Indore, 2017, LST_NOV, 304.9972
Indore, 2018, LST_JUN, 310.7923
Indore, 2018, LST_JUL, 303.7242
Indore, 2018, LST_AUG, 295.5171
Indore, 2018, LST_SEP, 307.2867
Indore, 2018, LST_OCT, 310.559
Indore, 2018, LST_NOV, 305.622
Indore, 2019, LST_JUN, 316.931
Indore, 2019, LST_JUL, 306.62
Indore, 2019, LST_AUG, 299.3329
Indore, 2019, LST_SEP, 301.7204
Indore, 2019, LST_OCT, 304.7634
Indore, 2019, LST_NOV, 304.3769
Jabalpur, 2010, LST_JUN, 316.7896
Jabalpur, 2010, LST_JUL, 310.5466
Jabalpur, 2010, LST_AUG, 303.1465
Jabalpur, 2010, LST_SEP, 303.3754
Jabalpur, 2010, LST_OCT, 304.2091
Jabalpur, 2010, LST_NOV, 303.6489
Jabalpur, 2011, LST_JUN, 317.6155
Jabalpur, 2011, LST_JUL, 304.4988
Jabalpur, 2011, LST_AUG, 303.275
Jabalpur, 2011, LST_SEP, 303.2703
Jabalpur, 2011, LST_OCT, 305.8794
Jabalpur, 2011, LST_NOV, 304.4763
Jabalpur, 2012, LST_JUN, 315.2156
Jabalpur, 2012, LST_JUL, 311.4629
Jabalpur, 2012, LST_AUG, 301.1277
Jabalpur, 2012, LST_SEP, 303.6486
Jabalpur, 2012, LST_OCT, 305.5913
Jabalpur, 2012, LST_NOV, 303.1486
Jabalpur, 2013, LST_JUN, 317.6834
Jabalpur, 2013, LST_JUL, 302.7026
Jabalpur, 2013, LST_AUG, 301.563
Jabalpur, 2013, LST_SEP, 303.8172
Jabalpur, 2013, LST_OCT, 303.2894
Jabalpur, 2013, LST_NOV, 302.4764
Jabalpur, 2014, LST_JUN, 317.4249
Jabalpur, 2014, LST_JUL, 311.1866
Jabalpur, 2014, LST_AUG, 305.2622
Jabalpur, 2014, LST_SEP, 305.4069
Jabalpur, 2014, LST_OCT, 304.9604
Jabalpur, 2014, LST_NOV, 303.8776
Jabalpur, 2015, LST_JUN, 315.652
Jabalpur, 2015, LST_JUL, 304.5863
Jabalpur, 2015, LST_AUG, 303.8992
Jabalpur, 2015, LST_SEP, 305.0303
Jabalpur, 2015, LST_OCT, 306.9795
Jabalpur, 2015, LST_NOV, 303.9959
Jabalpur, 2016, LST_JUN, 315.4995
Jabalpur, 2016, LST_JUL, 305.4739
Jabalpur, 2016, LST_AUG, 303.3144
Jabalpur, 2016, LST_SEP, 303.1488
Jabalpur, 2016, LST_OCT, 304.0543
Jabalpur, 2016, LST_NOV, 302.7874
Jabalpur, 2017, LST_JUN, 316.1239
Jabalpur, 2017, LST_JUL, 305.8495
Jabalpur, 2017, LST_AUG, 302.7007
Jabalpur, 2017, LST_SEP, 303.4177
Jabalpur, 2017, LST_OCT, 305.986
Jabalpur, 2017, LST_NOV, 303.5098
Jabalpur, 2018, LST_JUN, 315.1691
Jabalpur, 2018, LST_JUL, 305.782
Jabalpur, 2018, LST_AUG, 298.2157
Jabalpur, 2018, LST_SEP, 302.9438
Jabalpur, 2018, LST_OCT, 305.877
Jabalpur, 2018, LST_NOV, 304.0256
Jabalpur, 2019, LST_JUN, 319.3238
Jabalpur, 2019, LST_JUL, 307.269
Jabalpur, 2019, LST_AUG, 300.5854
Jabalpur, 2019, LST_SEP, 302.556
Jabalpur, 2019, LST_OCT, 302.8086
Jabalpur, 2019, LST_NOV, 302.9802
Jhabua, 2010, LST_JUN, 315.6804
Jhabua, 2010, LST_JUL, 304.6877
Jhabua, 2010, LST_AUG, 300.2038
Jhabua, 2010, LST_SEP, 305.6064
Jhabua, 2010, LST_OCT, 309.6083
Jhabua, 2010, LST_NOV, 306.5503
Jhabua, 2011, LST_JUN, 314.3543
Jhabua, 2011, LST_JUL, 307.1771
Jhabua, 2011, LST_AUG, 299.9368
Jhabua, 2011, LST_SEP, 303.4587
Jhabua, 2011, LST_OCT, 309.3847
Jhabua, 2011, LST_NOV, 309.0789
Jhabua, 2012, LST_JUN, 313.8243
Jhabua, 2012, LST_JUL, 311.2252
Jhabua, 2012, LST_AUG, 301.3187
Jhabua, 2012, LST_SEP, 303.4028
Jhabua, 2012, LST_OCT, 309.1115
Jhabua, 2012, LST_NOV, 307.0703
Jhabua, 2013, LST_JUN, 313.2251
Jhabua, 2013, LST_JUL, 297.1741
Jhabua, 2013, LST_AUG, 298.8328
Jhabua, 2013, LST_SEP, 303.7316
Jhabua, 2013, LST_OCT, 306.6973
Jhabua, 2013, LST_NOV, 305.4428
Jhabua, 2014, LST_JUN, 315.2184
Jhabua, 2014, LST_JUL, 310.6698
Jhabua, 2014, LST_AUG, 303.9131
Jhabua, 2014, LST_SEP, 304.4891
Jhabua, 2014, LST_OCT, 308.886
Jhabua, 2014, LST_NOV, 308.1658
Jhabua, 2015, LST_JUN, 315.972
Jhabua, 2015, LST_JUL, 305.963
Jhabua, 2015, LST_AUG, 302.5162
Jhabua, 2015, LST_SEP, 306.1896
Jhabua, 2015, LST_OCT, 310.8191
Jhabua, 2015, LST_NOV, 309.2845
Jhabua, 2016, LST_JUN, 316.6843
Jhabua, 2016, LST_JUL, 302.0629
Jhabua, 2016, LST_AUG, 298.245
Jhabua, 2016, LST_SEP, 301.8205
Jhabua, 2016, LST_OCT, 305.9174
Jhabua, 2016, LST_NOV, 306.5983
Jhabua, 2017, LST_JUN, 311.2249
Jhabua, 2017, LST_JUL, 304.1902
Jhabua, 2017, LST_AUG, 300.0042
Jhabua, 2017, LST_SEP, 304.0762
Jhabua, 2017, LST_OCT, 308.9309
Jhabua, 2017, LST_NOV, 306.7742
Jhabua, 2018, LST_JUN, 312.474
Jhabua, 2018, LST_JUL, 302.8619
Jhabua, 2018, LST_AUG, 298.4823
Jhabua, 2018, LST_SEP, 303.652
Jhabua, 2018, LST_OCT, 309.0272
Jhabua, 2018, LST_NOV, 307.9709
Jhabua, 2019, LST_JUN, 316.9116
Jhabua, 2019, LST_JUL, 306.9745
Jhabua, 2019, LST_AUG, 299.5574
Jhabua, 2019, LST_SEP, 299.5331
Jhabua, 2019, LST_OCT, 304.4644
Jhabua, 2019, LST_NOV, 304.4508
Katni, 2010, LST_JUN, 316.9544
Katni, 2010, LST_JUL, 310.9634
Katni, 2010, LST_AUG, 302.9579
Katni, 2010, LST_SEP, 303.2993
Katni, 2010, LST_OCT, 304.0273
Katni, 2010, LST_NOV, 303.8217
Katni, 2011, LST_JUN, 316.951
Katni, 2011, LST_JUL, 303.8606
Katni, 2011, LST_AUG, 301.7768
Katni, 2011, LST_SEP, 302.4197
Katni, 2011, LST_OCT, 304.6965
Katni, 2011, LST_NOV, 303.4245
Katni, 2012, LST_JUN, 315.3023
Katni, 2012, LST_JUL, 312.6157
Katni, 2012, LST_AUG, 302.285
Katni, 2012, LST_SEP, 302.861
Katni, 2012, LST_OCT, 304.5534
Katni, 2012, LST_NOV, 302.3696
Katni, 2013, LST_JUN, 316.5758
Katni, 2013, LST_JUL, 302.7295
Katni, 2013, LST_AUG, 300.5081
Katni, 2013, LST_SEP, 302.8488
Katni, 2013, LST_OCT, 302.3031
Katni, 2013, LST_NOV, 301.5689
Katni, 2014, LST_JUN, 315.8806
Katni, 2014, LST_JUL, 310.9627
Katni, 2014, LST_AUG, 305.4859
Katni, 2014, LST_SEP, 305.1392
Katni, 2014, LST_OCT, 304.6313
Katni, 2014, LST_NOV, 303.41
Katni, 2015, LST_JUN, 315.4682
Katni, 2015, LST_JUL, 304.3267
Katni, 2015, LST_AUG, 304.9754
Katni, 2015, LST_SEP, 304.6446
Katni, 2015, LST_OCT, 306.6254
Katni, 2015, LST_NOV, 303.6269
Katni, 2016, LST_JUN, 313.922
Katni, 2016, LST_JUL, 304.8555
Katni, 2016, LST_AUG, 303.0278
Katni, 2016, LST_SEP, 302.9244
Katni, 2016, LST_OCT, 303.7066
Katni, 2016, LST_NOV, 302.4521
Katni, 2017, LST_JUN, 315.016
Katni, 2017, LST_JUL, 303.1874
Katni, 2017, LST_AUG, 303.4606
Katni, 2017, LST_SEP, 303.3985
Katni, 2017, LST_OCT, 305.377
Katni, 2017, LST_NOV, 302.9621
Katni, 2018, LST_JUN, 314.6282
Katni, 2018, LST_JUL, 309.8091
Katni, 2018, LST_AUG, 303.9989
Katni, 2018, LST_SEP, 302.4761
Katni, 2018, LST_OCT, 304.8435
Katni, 2018, LST_NOV, 303.2499
Katni, 2019, LST_JUN, 317.7651
Katni, 2019, LST_JUL, 306.6822
Katni, 2019, LST_AUG, 300.9358
Katni, 2019, LST_SEP, 301.5612
Katni, 2019, LST_OCT, 301.6694
Katni, 2019, LST_NOV, 302.699
Mandla, 2010, LST_JUN, 316.2883
Mandla, 2010, LST_JUL, 306.9262
Mandla, 2010, LST_AUG, 301.6847
Mandla, 2010, LST_SEP, 301.9187
Mandla, 2010, LST_OCT, 302.7378
Mandla, 2010, LST_NOV, 302.1193
Mandla, 2011, LST_JUN, 317.1676
Mandla, 2011, LST_JUL, 303.1601
Mandla, 2011, LST_AUG, 302.7461
Mandla, 2011, LST_SEP, 301.8533
Mandla, 2011, LST_OCT, 303.6243
Mandla, 2011, LST_NOV, 302.6408
Mandla, 2012, LST_JUN, 314.3283
Mandla, 2012, LST_JUL, 310.2594
Mandla, 2012, LST_AUG, 300.7324
Mandla, 2012, LST_SEP, 302.8133
Mandla, 2012, LST_OCT, 303.5361
Mandla, 2012, LST_NOV, 301.1077
Mandla, 2013, LST_JUN, 315.9871
Mandla, 2013, LST_JUL, 300.4397
Mandla, 2013, LST_AUG, 301.0356
Mandla, 2013, LST_SEP, 302.3827
Mandla, 2013, LST_OCT, 301.3588
Mandla, 2013, LST_NOV, 300.6863
Mandla, 2014, LST_JUN, 315.6318
Mandla, 2014, LST_JUL, 308.3552
Mandla, 2014, LST_AUG, 303.3576
Mandla, 2014, LST_SEP, 303.3134
Mandla, 2014, LST_OCT, 303.2741
Mandla, 2014, LST_NOV, 301.694
Mandla, 2015, LST_JUN, 314.0684
Mandla, 2015, LST_JUL, 303.4246
Mandla, 2015, LST_AUG, 303.8206
Mandla, 2015, LST_SEP, 302.9733
Mandla, 2015, LST_OCT, 304.5289
Mandla, 2015, LST_NOV, 302.3351
Mandla, 2016, LST_JUN, 314.5779
Mandla, 2016, LST_JUL, 298.2198
Mandla, 2016, LST_AUG, 302.1658
Mandla, 2016, LST_SEP, 301.9438
Mandla, 2016, LST_OCT, 302.0924
Mandla, 2016, LST_NOV, 301.4471
Mandla, 2017, LST_JUN, 314.8421
Mandla, 2017, LST_JUL, 302.9108
Mandla, 2017, LST_AUG, 300.8865
Mandla, 2017, LST_SEP, 302.1265
Mandla, 2017, LST_OCT, 303.6227
Mandla, 2017, LST_NOV, 302.123
Mandla, 2018, LST_JUN, 312.8407
Mandla, 2018, LST_JUL, 303.6768
Mandla, 2018, LST_AUG, 296.7401
Mandla, 2018, LST_SEP, 302.3875
Mandla, 2018, LST_OCT, 304.2997
Mandla, 2018, LST_NOV, 303.2171
Mandla, 2019, LST_JUN, 318.5313
Mandla, 2019, LST_JUL, 305.161
Mandla, 2019, LST_AUG, 299.557
Mandla, 2019, LST_SEP, 301.1638
Mandla, 2019, LST_OCT, 301.5941
Mandla, 2019, LST_NOV, 301.3756
Mandsaur, 2010, LST_JUN, 317.7422
Mandsaur, 2010, LST_JUL, 309.6567
Mandsaur, 2010, LST_AUG, 300.2555
Mandsaur, 2010, LST_SEP, 307.0603
Mandsaur, 2010, LST_OCT, 311.6309
Mandsaur, 2010, LST_NOV, 306.0591
Mandsaur, 2011, LST_JUN, 316.9096
Mandsaur, 2011, LST_JUL, 308.7978
Mandsaur, 2011, LST_AUG, 299.5324
Mandsaur, 2011, LST_SEP, 305.5796
Mandsaur, 2011, LST_OCT, 310.6708
Mandsaur, 2011, LST_NOV, 306.3287
Mandsaur, 2012, LST_JUN, 315.1543
Mandsaur, 2012, LST_JUL, 315.1459
Mandsaur, 2012, LST_AUG, 300.3779
Mandsaur, 2012, LST_SEP, 304.7838
Mandsaur, 2012, LST_OCT, 310.1626
Mandsaur, 2012, LST_NOV, 304.2032
Mandsaur, 2013, LST_JUN, 314.5946
Mandsaur, 2013, LST_JUL, 307.2488
Mandsaur, 2013, LST_AUG, 299.2527
Mandsaur, 2013, LST_SEP, 306.5904
Mandsaur, 2013, LST_OCT, 308.0912
Mandsaur, 2013, LST_NOV, 303.1146
Mandsaur, 2014, LST_JUN, 315.7196
Mandsaur, 2014, LST_JUL, 311.9371
Mandsaur, 2014, LST_AUG, 306.7696
Mandsaur, 2014, LST_SEP, 304.7224
Mandsaur, 2014, LST_OCT, 310.4542
Mandsaur, 2014, LST_NOV, 306.4779
Mandsaur, 2015, LST_JUN, 317.2214
Mandsaur, 2015, LST_JUL, 306.2214
Mandsaur, 2015, LST_AUG, 300.8436
Mandsaur, 2015, LST_SEP, 309.5663
Mandsaur, 2015, LST_OCT, 311.9983
Mandsaur, 2015, LST_NOV, 306.5027
Mandsaur, 2016, LST_JUN, 318.0618
Mandsaur, 2016, LST_JUL, 307.2779
Mandsaur, 2016, LST_AUG, 300.2052
Mandsaur, 2016, LST_SEP, 306.3985
Mandsaur, 2016, LST_OCT, 308.9185
Mandsaur, 2016, LST_NOV, 305.8372
Mandsaur, 2017, LST_JUN, 314.7922
Mandsaur, 2017, LST_JUL, 310.813
Mandsaur, 2017, LST_AUG, 300.8852
Mandsaur, 2017, LST_SEP, 307.4853
Mandsaur, 2017, LST_OCT, 311.6235
Mandsaur, 2017, LST_NOV, 304.5077
Mandsaur, 2018, LST_JUN, 312.5545
Mandsaur, 2018, LST_JUL, 306.3439
Mandsaur, 2018, LST_AUG, 299.1497
Mandsaur, 2018, LST_SEP, 305.2798
Mandsaur, 2018, LST_OCT, 310.6667
Mandsaur, 2018, LST_NOV, 305.3175
Mandsaur, 2019, LST_JUN, 319.4564
Mandsaur, 2019, LST_JUL, 309.2268
Mandsaur, 2019, LST_AUG, 300.7458
Mandsaur, 2019, LST_SEP, 301.8892
Mandsaur, 2019, LST_OCT, 305.3519
Mandsaur, 2019, LST_NOV, 303.9295
Morena, 2010, LST_JUN, 318.0531
Morena, 2010, LST_JUL, 312.1732
Morena, 2010, LST_AUG, 306.0203
Morena, 2010, LST_SEP, 305.1674
Morena, 2010, LST_OCT, 308.5425
Morena, 2010, LST_NOV, 302.416
Morena, 2011, LST_JUN, 316.8146
Morena, 2011, LST_JUL, 308.3164
Morena, 2011, LST_AUG, 304.4507
Morena, 2011, LST_SEP, 307.5702
Morena, 2011, LST_OCT, 310.4935
Morena, 2011, LST_NOV, 305.236
Morena, 2012, LST_JUN, 316.1586
Morena, 2012, LST_JUL, 312.7469
Morena, 2012, LST_AUG, 302.8972
Morena, 2012, LST_SEP, 306.231
Morena, 2012, LST_OCT, 308.8674
Morena, 2012, LST_NOV, 302.3518
Morena, 2013, LST_JUN, 313.5376
Morena, 2013, LST_JUL, 304.8764
Morena, 2013, LST_AUG, 302.9644
Morena, 2013, LST_SEP, 305.725
Morena, 2013, LST_OCT, 306.0998
Morena, 2013, LST_NOV, 302.8315
Morena, 2014, LST_JUN, 317.5078
Morena, 2014, LST_JUL, 312.4839
Morena, 2014, LST_AUG, 308.8967
Morena, 2014, LST_SEP, 307.5055
Morena, 2014, LST_OCT, 309.3895
Morena, 2014, LST_NOV, 304.7518
Morena, 2015, LST_JUN, 317.1698
Morena, 2015, LST_JUL, 307.8006
Morena, 2015, LST_AUG, 304.0192
Morena, 2015, LST_SEP, 309.4299
Morena, 2015, LST_OCT, 311.7943
Morena, 2015, LST_NOV, 304.8775
Morena, 2016, LST_JUN, 3.15E+02
Morena, 2016, LST_JUL, 305.3558
Morena, 2016, LST_AUG, 301.3379
Morena, 2016, LST_SEP, 306.8017
Morena, 2016, LST_OCT, 309.0978
Morena, 2016, LST_NOV, 304.6427
Morena, 2017, LST_JUN, 316.3026
Morena, 2017, LST_JUL, 311.7563
Morena, 2017, LST_AUG, 306.6321
Morena, 2017, LST_SEP, 307.0352
Morena, 2017, LST_OCT, 311.0867
Morena, 2017, LST_NOV, 303.8398
Morena, 2018, LST_JUN, 313.5945
Morena, 2018, LST_JUL, 314.4393
Morena, 2018, LST_AUG, 304.8629
Morena, 2018, LST_SEP, 304.2552
Morena, 2018, LST_OCT, 308.8381
Morena, 2018, LST_NOV, 303.5981
Morena, 2019, LST_JUN, 318.0861
Morena, 2019, LST_JUL, 310.5136
Morena, 2019, LST_AUG, 302.5664
Morena, 2019, LST_SEP, 303.9472
Morena, 2019, LST_OCT, 306.6305
Morena, 2019, LST_NOV, 303.4645
Narsinghpur, 2010, LST_JUN, 316.1383
Narsinghpur, 2010, LST_JUL, 311.4696
Narsinghpur, 2010, LST_AUG, 303.3231
Narsinghpur, 2010, LST_SEP, 304.212
Narsinghpur, 2010, LST_OCT, 305.7264
Narsinghpur, 2010, LST_NOV, 304.8089
Narsinghpur, 2011, LST_JUN, 315.9993
Narsinghpur, 2011, LST_JUL, 306.7665
Narsinghpur, 2011, LST_AUG, 303.9386
Narsinghpur, 2011, LST_SEP, 304.3509
Narsinghpur, 2011, LST_OCT, 307.2146
Narsinghpur, 2011, LST_NOV, 305.275
Narsinghpur, 2012, LST_JUN, 315.3155
Narsinghpur, 2012, LST_JUL, 309.4689
Narsinghpur, 2012, LST_AUG, 301.0861
Narsinghpur, 2012, LST_SEP, 304.9482
Narsinghpur, 2012, LST_OCT, 307.6085
Narsinghpur, 2012, LST_NOV, 303.7824
Narsinghpur, 2013, LST_JUN, 315.1456
Narsinghpur, 2013, LST_JUL, 301.3114
Narsinghpur, 2013, LST_AUG, 299.8228
Narsinghpur, 2013, LST_SEP, 305.6344
Narsinghpur, 2013, LST_OCT, 305.0626
Narsinghpur, 2013, LST_NOV, 303.3233
Narsinghpur, 2014, LST_JUN, 316.067
Narsinghpur, 2014, LST_JUL, 310.1458
Narsinghpur, 2014, LST_AUG, 305.5776
Narsinghpur, 2014, LST_SEP, 304.7964
Narsinghpur, 2014, LST_OCT, 305.7966
Narsinghpur, 2014, LST_NOV, 304.0892
Narsinghpur, 2015, LST_JUN, 314.7597
Narsinghpur, 2015, LST_JUL, 305.6969
Narsinghpur, 2015, LST_AUG, 303.5614
Narsinghpur, 2015, LST_SEP, 305.9473
Narsinghpur, 2015, LST_OCT, 308.1782
Narsinghpur, 2015, LST_NOV, 304.8397
Narsinghpur, 2016, LST_JUN, 314.4414
Narsinghpur, 2016, LST_JUL, 305.9955
Narsinghpur, 2016, LST_AUG, 303.3406
Narsinghpur, 2016, LST_SEP, 303.5465
Narsinghpur, 2016, LST_OCT, 304.3849
Narsinghpur, 2016, LST_NOV, 303.0782
Narsinghpur, 2017, LST_JUN, 314.7873
Narsinghpur, 2017, LST_JUL, 303.5639
Narsinghpur, 2017, LST_AUG, 302.7363
Narsinghpur, 2017, LST_SEP, 303.5942
Narsinghpur, 2017, LST_OCT, 306.3182
Narsinghpur, 2017, LST_NOV, 303.8021
Narsinghpur, 2018, LST_JUN, 312.1083
Narsinghpur, 2018, LST_JUL, 307.9954
Narsinghpur, 2018, LST_AUG, 297.7864
Narsinghpur, 2018, LST_SEP, 304.0129
Narsinghpur, 2018, LST_OCT, 306.6187
Narsinghpur, 2018, LST_NOV, 304.4
Narsinghpur, 2019, LST_JUN, 317.096
Narsinghpur, 2019, LST_JUL, 308.9767
Narsinghpur, 2019, LST_AUG, 301.1322
Narsinghpur, 2019, LST_SEP, 300.0821
Narsinghpur, 2019, LST_OCT, 303.949
Narsinghpur, 2019, LST_NOV, 303.3887
Neemuch, 2010, LST_JUN, 317.467
Neemuch, 2010, LST_JUL, 310.6926
Neemuch, 2010, LST_AUG, 302.0859
Neemuch, 2010, LST_SEP, 306.0163
Neemuch, 2010, LST_OCT, 309.7889
Neemuch, 2010, LST_NOV, 303.5189
Neemuch, 2011, LST_JUN, 316.5797
Neemuch, 2011, LST_JUL, 306.9378
Neemuch, 2011, LST_AUG, 300.6929
Neemuch, 2011, LST_SEP, 305.1601
Neemuch, 2011, LST_OCT, 309.8376
Neemuch, 2011, LST_NOV, 306.3874
Neemuch, 2012, LST_JUN, 315.2318
Neemuch, 2012, LST_JUL, 313.9846
Neemuch, 2012, LST_AUG, 302.179
Neemuch, 2012, LST_SEP, 304.574
Neemuch, 2012, LST_OCT, 309.3652
Neemuch, 2012, LST_NOV, 304.2636
Neemuch, 2013, LST_JUN, 314.6239
Neemuch, 2013, LST_JUL, 308.2842
Neemuch, 2013, LST_AUG, 301.0712
Neemuch, 2013, LST_SEP, 306.7091
Neemuch, 2013, LST_OCT, 307.2044
Neemuch, 2013, LST_NOV, 302.962
Neemuch, 2014, LST_JUN, 316.3539
Neemuch, 2014, LST_JUL, 311.8546
Neemuch, 2014, LST_AUG, 305.3027
Neemuch, 2014, LST_SEP, 304.8025
Neemuch, 2014, LST_OCT, 309.6557
Neemuch, 2014, LST_NOV, 305.8668
Neemuch, 2015, LST_JUN, 316.3456
Neemuch, 2015, LST_JUL, 306.4527
Neemuch, 2015, LST_AUG, 301.8
Neemuch, 2015, LST_SEP, 309.1801
Neemuch, 2015, LST_OCT, 311.7532
Neemuch, 2015, LST_NOV, 306.4407
Neemuch, 2016, LST_JUN, 318.3539
Neemuch, 2016, LST_JUL, 304.4506
Neemuch, 2016, LST_AUG, 300.0213
Neemuch, 2016, LST_SEP, 306.0915
Neemuch, 2016, LST_OCT, 308.2618
Neemuch, 2016, LST_NOV, 305.5973
Neemuch, 2017, LST_JUN, 315.1744
Neemuch, 2017, LST_JUL, 310.2658
Neemuch, 2017, LST_AUG, 301.9505
Neemuch, 2017, LST_SEP, 306.7371
Neemuch, 2017, LST_OCT, 310.9908
Neemuch, 2017, LST_NOV, 304.2717
Neemuch, 2018, LST_JUN, 313.327
Neemuch, 2018, LST_JUL, 306.5318
Neemuch, 2018, LST_AUG, 300.5272
Neemuch, 2018, LST_SEP, 304.0168
Neemuch, 2018, LST_OCT, 309.2509
Neemuch, 2018, LST_NOV, 305.1015
Neemuch, 2019, LST_JUN, 318.9768
Neemuch, 2019, LST_JUL, 308.8384
Neemuch, 2019, LST_AUG, 300.9253
Neemuch, 2019, LST_SEP, 302.2553
Neemuch, 2019, LST_OCT, 304.7153
Neemuch, 2019, LST_NOV, 303.5294
Panna, 2010, LST_JUN, 318.8003
Panna, 2010, LST_JUL, 311.9218
Panna, 2010, LST_AUG, 302.936
Panna, 2010, LST_SEP, 303.7047
Panna, 2010, LST_OCT, 304.9025
Panna, 2010, LST_NOV, 304.3991
Panna, 2011, LST_JUN, 316.0303
Panna, 2011, LST_JUL, 305.6001
Panna, 2011, LST_AUG, 302.4148
Panna, 2011, LST_SEP, 303.2263
Panna, 2011, LST_OCT, 306.4069
Panna, 2011, LST_NOV, 304.4147
Panna, 2012, LST_JUN, 317.2518
Panna, 2012, LST_JUL, 313.9977
Panna, 2012, LST_AUG, 301.9969
Panna, 2012, LST_SEP, 303.2967
Panna, 2012, LST_OCT, 306.7824
Panna, 2012, LST_NOV, 303.455
Panna, 2013, LST_JUN, 316.6933
Panna, 2013, LST_JUL, 302.9665
Panna, 2013, LST_AUG, 299.6166
Panna, 2013, LST_SEP, 303.5558
Panna, 2013, LST_OCT, 303.5353
Panna, 2013, LST_NOV, 302.4555
Panna, 2014, LST_JUN, 317.6549
Panna, 2014, LST_JUL, 311.8927
Panna, 2014, LST_AUG, 305.7419
Panna, 2014, LST_SEP, 306.5541
Panna, 2014, LST_OCT, 306.2584
Panna, 2014, LST_NOV, 304.8596
Panna, 2015, LST_JUN, 316.1079
Panna, 2015, LST_JUL, 304.8971
Panna, 2015, LST_AUG, 303.8301
Panna, 2015, LST_SEP, 305.5908
Panna, 2015, LST_OCT, 309.4644
Panna, 2015, LST_NOV, 305.1007
Panna, 2016, LST_JUN, 318.2133
Panna, 2016, LST_JUL, 302.1341
Panna, 2016, LST_AUG, 302.7856
Panna, 2016, LST_SEP, 304.277
Panna, 2016, LST_OCT, 305.6041
Panna, 2016, LST_NOV, 303.5154
Panna, 2017, LST_JUN, 316.1606
Panna, 2017, LST_JUL, 301.675
Panna, 2017, LST_AUG, 303.6339
Panna, 2017, LST_SEP, 304.2158
Panna, 2017, LST_OCT, 307.5148
Panna, 2017, LST_NOV, 303.6859
Panna, 2018, LST_JUN, 316.8526
Panna, 2018, LST_JUL, 312.0644
Panna, 2018, LST_AUG, 301.9795
Panna, 2018, LST_SEP, 303.3666
Panna, 2018, LST_OCT, 307.4088
Panna, 2018, LST_NOV, 304.57
Panna, 2019, LST_JUN, 319.1926
Panna, 2019, LST_JUL, 307.9066
Panna, 2019, LST_AUG, 301.8912
Panna, 2019, LST_SEP, 302.6589
Panna, 2019, LST_OCT, 302.8665
Panna, 2019, LST_NOV, 303.5121
Raisen, 2010, LST_JUN, 316.5769
Raisen, 2010, LST_JUL, 309.3676
Raisen, 2010, LST_AUG, 302.1665
Raisen, 2010, LST_SEP, 304.199
Raisen, 2010, LST_OCT, 306.9879
Raisen, 2010, LST_NOV, 304.8498
Raisen, 2011, LST_JUN, 317.5513
Raisen, 2011, LST_JUL, 306.345
Raisen, 2011, LST_AUG, 302.559
Raisen, 2011, LST_SEP, 303.6418
Raisen, 2011, LST_OCT, 307.5781
Raisen, 2011, LST_NOV, 305.9206
Raisen, 2012, LST_JUN, 316.3803
Raisen, 2012, LST_JUL, 311.3144
Raisen, 2012, LST_AUG, 303.7101
Raisen, 2012, LST_SEP, 303.8973
Raisen, 2012, LST_OCT, 307.6849
Raisen, 2012, LST_NOV, 304.1768
Raisen, 2013, LST_JUN, 317.5109
Raisen, 2013, LST_JUL, 303.7155
Raisen, 2013, LST_AUG, 301.8941
Raisen, 2013, LST_SEP, 305.1815
Raisen, 2013, LST_OCT, 306.0449
Raisen, 2013, LST_NOV, 303.5494
Raisen, 2014, LST_JUN, 317.7611
Raisen, 2014, LST_JUL, 311.819
Raisen, 2014, LST_AUG, 305.6083
Raisen, 2014, LST_SEP, 304.5897
Raisen, 2014, LST_OCT, 306.6538
Raisen, 2014, LST_NOV, 305.3147
Raisen, 2015, LST_JUN, 317.5427
Raisen, 2015, LST_JUL, 306.1234
Raisen, 2015, LST_AUG, 302.1008
Raisen, 2015, LST_SEP, 305.7628
Raisen, 2015, LST_OCT, 309.1988
Raisen, 2015, LST_NOV, 306.1552
Raisen, 2016, LST_JUN, 316.4196
Raisen, 2016, LST_JUL, 306.1623
Raisen, 2016, LST_AUG, 301.8566
Raisen, 2016, LST_SEP, 303.7414
Raisen, 2016, LST_OCT, 304.9803
Raisen, 2016, LST_NOV, 304.2223
Raisen, 2017, LST_JUN, 315.5827
Raisen, 2017, LST_JUL, 306.557
Raisen, 2017, LST_AUG, 302.5216
Raisen, 2017, LST_SEP, 303.7408
Raisen, 2017, LST_OCT, 306.112
Raisen, 2017, LST_NOV, 304.3457
Raisen, 2018, LST_JUN, 312.8101
Raisen, 2018, LST_JUL, 307.0624
Raisen, 2018, LST_AUG, 298.8619
Raisen, 2018, LST_SEP, 303.4768
Raisen, 2018, LST_OCT, 306.8742
Raisen, 2018, LST_NOV, 305.025
Raisen, 2019, LST_JUN, 320.5203
Raisen, 2019, LST_JUL, 309.4392
Raisen, 2019, LST_AUG, 298.5138
Raisen, 2019, LST_SEP, 300.4016
Raisen, 2019, LST_OCT, 302.818
Raisen, 2019, LST_NOV, 303.1821
Rajgarh, 2010, LST_JUN, 318.9734
Rajgarh, 2010, LST_JUL, 311.3402
Rajgarh, 2010, LST_AUG, 302.8049
Rajgarh, 2010, LST_SEP, 306.1064
Rajgarh, 2010, LST_OCT, 310.6491
Rajgarh, 2010, LST_NOV, 306.9067
Rajgarh, 2011, LST_JUN, 318.2914
Rajgarh, 2011, LST_JUL, 307.4796
Rajgarh, 2011, LST_AUG, 302.2159
Rajgarh, 2011, LST_SEP, 305.5753
Rajgarh, 2011, LST_OCT, 310.8175
Rajgarh, 2011, LST_NOV, 307.9887
Rajgarh, 2012, LST_JUN, 316.3996
Rajgarh, 2012, LST_JUL, 314.5438
Rajgarh, 2012, LST_AUG, 301.0202
Rajgarh, 2012, LST_SEP, 305.4327
Rajgarh, 2012, LST_OCT, 310.7391
Rajgarh, 2012, LST_NOV, 306.3427
Rajgarh, 2013, LST_JUN, 316.6541
Rajgarh, 2013, LST_JUL, 309.1295
Rajgarh, 2013, LST_AUG, 302.2078
Rajgarh, 2013, LST_SEP, 307.684
Rajgarh, 2013, LST_OCT, 309.4487
Rajgarh, 2013, LST_NOV, 304.7952
Rajgarh, 2014, LST_JUN, 317.5417
Rajgarh, 2014, LST_JUL, 314.6845
Rajgarh, 2014, LST_AUG, 307.3838
Rajgarh, 2014, LST_SEP, 305.556
Rajgarh, 2014, LST_OCT, 310.1539
Rajgarh, 2014, LST_NOV, 308.2965
Rajgarh, 2015, LST_JUN, 319.1147
Rajgarh, 2015, LST_JUL, 306.8434
Rajgarh, 2015, LST_AUG, 301.412
Rajgarh, 2015, LST_SEP, 307.8498
Rajgarh, 2015, LST_OCT, 312.5206
Rajgarh, 2015, LST_NOV, 308.065
Rajgarh, 2016, LST_JUN, 317.8895
Rajgarh, 2016, LST_JUL, 305.5753
Rajgarh, 2016, LST_AUG, 300.5972
Rajgarh, 2016, LST_SEP, 306.1797
Rajgarh, 2016, LST_OCT, 309.7171
Rajgarh, 2016, LST_NOV, 307.2466
Rajgarh, 2017, LST_JUN, 315.7777
Rajgarh, 2017, LST_JUL, 311.3118
Rajgarh, 2017, LST_AUG, 302.1316
Rajgarh, 2017, LST_SEP, 306.6891
Rajgarh, 2017, LST_OCT, 311.3362
Rajgarh, 2017, LST_NOV, 305.6914
Rajgarh, 2018, LST_JUN, 313.0986
Rajgarh, 2018, LST_JUL, 309.2059
Rajgarh, 2018, LST_AUG, 298.99
Rajgarh, 2018, LST_SEP, 306.5227
Rajgarh, 2018, LST_OCT, 311.5366
Rajgarh, 2018, LST_NOV, 306.4577
Rajgarh, 2019, LST_JUN, 320.7744
Rajgarh, 2019, LST_JUL, 309.641
Rajgarh, 2019, LST_AUG, 300.8342
Rajgarh, 2019, LST_SEP, 302.1072
Rajgarh, 2019, LST_OCT, 305.3273
Rajgarh, 2019, LST_NOV, 304.9484
Ratlam, 2010, LST_JUN, 317.7509
Ratlam, 2010, LST_JUL, 309.7008
Ratlam, 2010, LST_AUG, 300.9952
Ratlam, 2010, LST_SEP, 306.5472
Ratlam, 2010, LST_OCT, 311.2419
Ratlam, 2010, LST_NOV, 307.8746
Ratlam, 2011, LST_JUN, 315.2476
Ratlam, 2011, LST_JUL, 310.0232
Ratlam, 2011, LST_AUG, 300.566
Ratlam, 2011, LST_SEP, 305.5042
Ratlam, 2011, LST_OCT, 311.1505
Ratlam, 2011, LST_NOV, 308.2478
Ratlam, 2012, LST_JUN, 314.7154
Ratlam, 2012, LST_JUL, 308.9002
Ratlam, 2012, LST_AUG, 301.9393
Ratlam, 2012, LST_SEP, 305.5482
Ratlam, 2012, LST_OCT, 311.1477
Ratlam, 2012, LST_NOV, 306.1827
Ratlam, 2013, LST_JUN, 313.9425
Ratlam, 2013, LST_JUL, 305.3559
Ratlam, 2013, LST_AUG, 299.4485
Ratlam, 2013, LST_SEP, 307.2994
Ratlam, 2013, LST_OCT, 308.2168
Ratlam, 2013, LST_NOV, 304.6643
Ratlam, 2014, LST_JUN, 316.1927
Ratlam, 2014, LST_JUL, 309.5029
Ratlam, 2014, LST_AUG, 305.7122
Ratlam, 2014, LST_SEP, 304.1706
Ratlam, 2014, LST_OCT, 310.8172
Ratlam, 2014, LST_NOV, 308.554
Ratlam, 2015, LST_JUN, 318.1926
Ratlam, 2015, LST_JUL, 307.0078
Ratlam, 2015, LST_AUG, 300.9069
Ratlam, 2015, LST_SEP, 308.4821
Ratlam, 2015, LST_OCT, 312.7643
Ratlam, 2015, LST_NOV, 308.2605
Ratlam, 2016, LST_JUN, 318.2982
Ratlam, 2016, LST_JUL, 305.99
Ratlam, 2016, LST_AUG, 298.7973
Ratlam, 2016, LST_SEP, 305.4049
Ratlam, 2016, LST_OCT, 308.481
Ratlam, 2016, LST_NOV, 306.7853
Ratlam, 2017, LST_JUN, 313.2178
Ratlam, 2017, LST_JUL, 309.0475
Ratlam, 2017, LST_AUG, 300.0154
Ratlam, 2017, LST_SEP, 306.582
Ratlam, 2017, LST_OCT, 311.644
Ratlam, 2017, LST_NOV, 305.4969
Ratlam, 2018, LST_JUN, 312.7485
Ratlam, 2018, LST_JUL, 304.4796
Ratlam, 2018, LST_AUG, 298.153
Ratlam, 2018, LST_SEP, 306.3088
Ratlam, 2018, LST_OCT, 311.1286
Ratlam, 2018, LST_NOV, 306.468
Ratlam, 2019, LST_JUN, 318.7348
Ratlam, 2019, LST_JUL, 308.3033
Ratlam, 2019, LST_AUG, 300.3821
Ratlam, 2019, LST_SEP, 302.2397
Ratlam, 2019, LST_OCT, 305.858
Ratlam, 2019, LST_NOV, 305.1969
Rewa, 2010, LST_JUN, 319.961
Rewa, 2010, LST_JUL, 312.8297
Rewa, 2010, LST_AUG, 305.2875
Rewa, 2010, LST_SEP, 304.4268
Rewa, 2010, LST_OCT, 306.2602
Rewa, 2010, LST_NOV, 305.0871
Rewa, 2011, LST_JUN, 319.5269
Rewa, 2011, LST_JUL, 307.6745
Rewa, 2011, LST_AUG, 304.1864
Rewa, 2011, LST_SEP, 302.7379
Rewa, 2011, LST_OCT, 305.138
Rewa, 2011, LST_NOV, 303.4386
Rewa, 2012, LST_JUN, 318.1763
Rewa, 2012, LST_JUL, 311.3514
Rewa, 2012, LST_AUG, 303.3332
Rewa, 2012, LST_SEP, 303.4177
Rewa, 2012, LST_OCT, 305.5745
Rewa, 2012, LST_NOV, 302.4707
Rewa, 2013, LST_JUN, 314.4543
Rewa, 2013, LST_JUL, 302.8732
Rewa, 2013, LST_AUG, 302.1533
Rewa, 2013, LST_SEP, 303.2695
Rewa, 2013, LST_OCT, 302.0667
Rewa, 2013, LST_NOV, 301.2204
Rewa, 2014, LST_JUN, 316.3871
Rewa, 2014, LST_JUL, 308.3859
Rewa, 2014, LST_AUG, 306.3185
Rewa, 2014, LST_SEP, 305.5375
Rewa, 2014, LST_OCT, 304.2995
Rewa, 2014, LST_NOV, 302.9789
Rewa, 2015, LST_JUN, 317.0759
Rewa, 2015, LST_JUL, 306.7202
Rewa, 2015, LST_AUG, 305.8496
Rewa, 2015, LST_SEP, 305.4559
Rewa, 2015, LST_OCT, 308.8737
Rewa, 2015, LST_NOV, 303.9642
Rewa, 2016, LST_JUN, 317.6291
Rewa, 2016, LST_JUL, 307.261
Rewa, 2016, LST_AUG, 305.0335
Rewa, 2016, LST_SEP, 304.5758
Rewa, 2016, LST_OCT, 304.3161
Rewa, 2016, LST_NOV, 302.4136
Rewa, 2017, LST_JUN, 316.8041
Rewa, 2017, LST_JUL, 303.8388
Rewa, 2017, LST_AUG, 303.9818
Rewa, 2017, LST_SEP, 305.0097
Rewa, 2017, LST_OCT, 306.4471
Rewa, 2017, LST_NOV, 303.2997
Rewa, 2018, LST_JUN, 313.9848
Rewa, 2018, LST_JUL, 312.5004
Rewa, 2018, LST_AUG, 305.1372
Rewa, 2018, LST_SEP, 304.3288
Rewa, 2018, LST_OCT, 306.7194
Rewa, 2018, LST_NOV, 303.7413
Rewa, 2019, LST_JUN, 319.0848
Rewa, 2019, LST_JUL, 308.8371
Rewa, 2019, LST_AUG, 303.0485
Rewa, 2019, LST_SEP, 303.1182
Rewa, 2019, LST_OCT, 302.7901
Rewa, 2019, LST_NOV, 302.914
Sagar, 2010, LST_JUN, 318.4038
Sagar, 2010, LST_JUL, 310.099
Sagar, 2010, LST_AUG, 301.548
Sagar, 2010, LST_SEP, 304.0748
Sagar, 2010, LST_OCT, 307.467
Sagar, 2010, LST_NOV, 305.3804
Sagar, 2011, LST_JUN, 318.2663
Sagar, 2011, LST_JUL, 306.7584
Sagar, 2011, LST_AUG, 301.7884
Sagar, 2011, LST_SEP, 304.1835
Sagar, 2011, LST_OCT, 308.5
Sagar, 2011, LST_NOV, 306.4789
Sagar, 2012, LST_JUN, 317.1681
Sagar, 2012, LST_JUL, 314.4873
Sagar, 2012, LST_AUG, 301.7144
Sagar, 2012, LST_SEP, 304.4922
Sagar, 2012, LST_OCT, 309.3104
Sagar, 2012, LST_NOV, 305.4054
Sagar, 2013, LST_JUN, 317.3023
Sagar, 2013, LST_JUL, 303.9943
Sagar, 2013, LST_AUG, 301.5264
Sagar, 2013, LST_SEP, 304.7982
Sagar, 2013, LST_OCT, 306.3519
Sagar, 2013, LST_NOV, 304.3249
Sagar, 2014, LST_JUN, 317.5827
Sagar, 2014, LST_JUL, 312.1322
Sagar, 2014, LST_AUG, 305.8118
Sagar, 2014, LST_SEP, 305.8249
Sagar, 2014, LST_OCT, 309.1399
Sagar, 2014, LST_NOV, 306.8492
Sagar, 2015, LST_JUN, 317.2812
Sagar, 2015, LST_JUL, 306.1129
Sagar, 2015, LST_AUG, 302.9748
Sagar, 2015, LST_SEP, 306.6899
Sagar, 2015, LST_OCT, 311.729
Sagar, 2015, LST_NOV, 307.097
Sagar, 2016, LST_JUN, 317.885
Sagar, 2016, LST_JUL, 307.0187
Sagar, 2016, LST_AUG, 302.5816
Sagar, 2016, LST_SEP, 305.0719
Sagar, 2016, LST_OCT, 307.9626
Sagar, 2016, LST_NOV, 305.886
Sagar, 2017, LST_JUN, 316.1678
Sagar, 2017, LST_JUL, 307.0728
Sagar, 2017, LST_AUG, 302.9483
Sagar, 2017, LST_SEP, 305.1594
Sagar, 2017, LST_OCT, 308.7805
Sagar, 2017, LST_NOV, 305.0619
Sagar, 2018, LST_JUN, 314.6289
Sagar, 2018, LST_JUL, 308.9111
Sagar, 2018, LST_AUG, 300.8273
Sagar, 2018, LST_SEP, 305.0992
Sagar, 2018, LST_OCT, 309.6548
Sagar, 2018, LST_NOV, 306.201
Sagar, 2019, LST_JUN, 320.2743
Sagar, 2019, LST_JUL, 310.7303
Sagar, 2019, LST_AUG, 300.0174
Sagar, 2019, LST_SEP, 302.0444
Sagar, 2019, LST_OCT, 304.7768
Sagar, 2019, LST_NOV, 304.7809
Satna, 2010, LST_JUN, 318.2406
Satna, 2010, LST_JUL, 312.0997
Satna, 2010, LST_AUG, 304.0853
Satna, 2010, LST_SEP, 303.2965
Satna, 2010, LST_OCT, 305.1477
Satna, 2010, LST_NOV, 304.2586
Satna, 2011, LST_JUN, 316.5122
Satna, 2011, LST_JUL, 305.5231
Satna, 2011, LST_AUG, 302.8019
Satna, 2011, LST_SEP, 302.5684
Satna, 2011, LST_OCT, 305.2752
Satna, 2011, LST_NOV, 303.6341
Satna, 2012, LST_JUN, 317.3852
Satna, 2012, LST_JUL, 312.941
Satna, 2012, LST_AUG, 302.7225
Satna, 2012, LST_SEP, 303.1925
Satna, 2012, LST_OCT, 305.7021
Satna, 2012, LST_NOV, 302.6254
Satna, 2013, LST_JUN, 316.1683
Satna, 2013, LST_JUL, 301.9777
Satna, 2013, LST_AUG, 300.1988
Satna, 2013, LST_SEP, 302.6187
Satna, 2013, LST_OCT, 302.1935
Satna, 2013, LST_NOV, 301.5749
Satna, 2014, LST_JUN, 317.1869
Satna, 2014, LST_JUL, 310.6087
Satna, 2014, LST_AUG, 305.7398
Satna, 2014, LST_SEP, 305.3486
Satna, 2014, LST_OCT, 304.4837
Satna, 2014, LST_NOV, 303.5458
Satna, 2015, LST_JUN, 316.5654
Satna, 2015, LST_JUL, 306.1546
Satna, 2015, LST_AUG, 304.7616
Satna, 2015, LST_SEP, 305.1051
Satna, 2015, LST_OCT, 308.574
Satna, 2015, LST_NOV, 304.1172
Satna, 2016, LST_JUN, 317.4293
Satna, 2016, LST_JUL, 300.688
Satna, 2016, LST_AUG, 304.2783
Satna, 2016, LST_SEP, 304.2529
Satna, 2016, LST_OCT, 304.4863
Satna, 2016, LST_NOV, 302.4946
Satna, 2017, LST_JUN, 315.9033
Satna, 2017, LST_JUL, 303.6197
Satna, 2017, LST_AUG, 305.0472
Satna, 2017, LST_SEP, 304.5083
Satna, 2017, LST_OCT, 306.6229
Satna, 2017, LST_NOV, 303.3033
Satna, 2018, LST_JUN, 316.1278
Satna, 2018, LST_JUL, 310.7296
Satna, 2018, LST_AUG, 303.7386
Satna, 2018, LST_SEP, 303.5434
Satna, 2018, LST_OCT, 306.4155
Satna, 2018, LST_NOV, 303.6495
Satna, 2019, LST_JUN, 318.1885
Satna, 2019, LST_JUL, 307.9849
Satna, 2019, LST_AUG, 302.3571
Satna, 2019, LST_SEP, 302.3785
Satna, 2019, LST_OCT, 302.3747
Satna, 2019, LST_NOV, 302.9272
Sehore, 2010, LST_JUN, 317.2415
Sehore, 2010, LST_JUL, 308.8309
Sehore, 2010, LST_AUG, 301.5519
Sehore, 2010, LST_SEP, 305.055
Sehore, 2010, LST_OCT, 308.8521
Sehore, 2010, LST_NOV, 306.2402
Sehore, 2011, LST_JUN, 317.6196
Sehore, 2011, LST_JUL, 306.237
Sehore, 2011, LST_AUG, 301.4294
Sehore, 2011, LST_SEP, 304.6198
Sehore, 2011, LST_OCT, 309.3429
Sehore, 2011, LST_NOV, 307.153
Sehore, 2012, LST_JUN, 316.5134
Sehore, 2012, LST_JUL, 309.2923
Sehore, 2012, LST_AUG, 302.1373
Sehore, 2012, LST_SEP, 304.6082
Sehore, 2012, LST_OCT, 309.2918
Sehore, 2012, LST_NOV, 305.3164
Sehore, 2013, LST_JUN, 315.6341
Sehore, 2013, LST_JUL, 300.405
Sehore, 2013, LST_AUG, 299.8696
Sehore, 2013, LST_SEP, 306.4134
Sehore, 2013, LST_OCT, 308.4259
Sehore, 2013, LST_NOV, 304.0409
Sehore, 2014, LST_JUN, 317.4952
Sehore, 2014, LST_JUL, 312.681
Sehore, 2014, LST_AUG, 305.8266
Sehore, 2014, LST_SEP, 304.4631
Sehore, 2014, LST_OCT, 308.7383
Sehore, 2014, LST_NOV, 307.4282
Sehore, 2015, LST_JUN, 318.2814
Sehore, 2015, LST_JUL, 307.9457
Sehore, 2015, LST_AUG, 300.1988
Sehore, 2015, LST_SEP, 307.1426
Sehore, 2015, LST_OCT, 311.2499
Sehore, 2015, LST_NOV, 307.5099
Sehore, 2016, LST_JUN, 317.5463
Sehore, 2016, LST_JUL, 302.1571
Sehore, 2016, LST_AUG, 299.7655
Sehore, 2016, LST_SEP, 304.8488
Sehore, 2016, LST_OCT, 308.271
Sehore, 2016, LST_NOV, 306.001
Sehore, 2017, LST_JUN, 316.1627
Sehore, 2017, LST_JUL, 308.639
Sehore, 2017, LST_AUG, 301.9586
Sehore, 2017, LST_SEP, 305.4878
Sehore, 2017, LST_OCT, 309.2273
Sehore, 2017, LST_NOV, 305.2564
Sehore, 2018, LST_JUN, 313.1242
Sehore, 2018, LST_JUL, 308.0915
Sehore, 2018, LST_AUG, 296.9376
Sehore, 2018, LST_SEP, 305.979
Sehore, 2018, LST_OCT, 310.2147
Sehore, 2018, LST_NOV, 306.0472
Sehore, 2019, LST_JUN, 321.0226
Sehore, 2019, LST_JUL, 309.4526
Sehore, 2019, LST_AUG, 300.0077
Sehore, 2019, LST_SEP, 300.9339
Sehore, 2019, LST_OCT, 304.4113
Sehore, 2019, LST_NOV, 304.7198
Seoni, 2010, LST_JUN, 316.4377
Seoni, 2010, LST_JUL, 308.6343
Seoni, 2010, LST_AUG, 302.1271
Seoni, 2010, LST_SEP, 302.7597
Seoni, 2010, LST_OCT, 304.4519
Seoni, 2010, LST_NOV, 302.9714
Seoni, 2011, LST_JUN, 317.129
Seoni, 2011, LST_JUL, 304.1678
Seoni, 2011, LST_AUG, 302.2627
Seoni, 2011, LST_SEP, 303.271
Seoni, 2011, LST_OCT, 306.0526
Seoni, 2011, LST_NOV, 305.0583
Seoni, 2012, LST_JUN, 315.8097
Seoni, 2012, LST_JUL, 311.7308
Seoni, 2012, LST_AUG, 300.9716
Seoni, 2012, LST_SEP, 303.4328
Seoni, 2012, LST_OCT, 305.3821
Seoni, 2012, LST_NOV, 303.2286
Seoni, 2013, LST_JUN, 317.9007
Seoni, 2013, LST_JUL, 300.0375
Seoni, 2013, LST_AUG, 300.4914
Seoni, 2013, LST_SEP, 303.3717
Seoni, 2013, LST_OCT, 302.6141
Seoni, 2013, LST_NOV, 302.2295
Seoni, 2014, LST_JUN, 316.6606
Seoni, 2014, LST_JUL, 310.1298
Seoni, 2014, LST_AUG, 303.1561
Seoni, 2014, LST_SEP, 304.6951
Seoni, 2014, LST_OCT, 305.0227
Seoni, 2014, LST_NOV, 304.3774
Seoni, 2015, LST_JUN, 314.6823
Seoni, 2015, LST_JUL, 305.4652
Seoni, 2015, LST_AUG, 303.8689
Seoni, 2015, LST_SEP, 304.5755
Seoni, 2015, LST_OCT, 306.5793
Seoni, 2015, LST_NOV, 304.4086
Seoni, 2016, LST_JUN, 316.3239
Seoni, 2016, LST_JUL, 301.725
Seoni, 2016, LST_AUG, 302.2899
Seoni, 2016, LST_SEP, 301.2951
Seoni, 2016, LST_OCT, 303.762
Seoni, 2016, LST_NOV, 303.6692
Seoni, 2017, LST_JUN, 314.7069
Seoni, 2017, LST_JUL, 305.6988
Seoni, 2017, LST_AUG, 301.5888
Seoni, 2017, LST_SEP, 302.0276
Seoni, 2017, LST_OCT, 304.9617
Seoni, 2017, LST_NOV, 303.6106
Seoni, 2018, LST_JUN, 313.8174
Seoni, 2018, LST_JUL, 306.4943
Seoni, 2018, LST_AUG, 299.8796
Seoni, 2018, LST_SEP, 302.2467
Seoni, 2018, LST_OCT, 305.0342
Seoni, 2018, LST_NOV, 305.0384
Seoni, 2019, LST_JUN, 320.0707
Seoni, 2019, LST_JUL, 307.2709
Seoni, 2019, LST_AUG, 299.8687
Seoni, 2019, LST_SEP, 299.5434
Seoni, 2019, LST_OCT, 302.0155
Seoni, 2019, LST_NOV, 302.6773
Shahdol, 2010, LST_JUN, 315.8293
Shahdol, 2010, LST_JUL, 307.3477
Shahdol, 2010, LST_AUG, 303.45
Shahdol, 2010, LST_SEP, 302.571
Shahdol, 2010, LST_OCT, 303.1955
Shahdol, 2010, LST_NOV, 302.1566
Shahdol, 2011, LST_JUN, 315.8336
Shahdol, 2011, LST_JUL, 303.8902
Shahdol, 2011, LST_AUG, 301.9914
Shahdol, 2011, LST_SEP, 301.8567
Shahdol, 2011, LST_OCT, 303.5988
Shahdol, 2011, LST_NOV, 302.2128
Shahdol, 2012, LST_JUN, 315.3836
Shahdol, 2012, LST_JUL, 311.2562
Shahdol, 2012, LST_AUG, 301.4151
Shahdol, 2012, LST_SEP, 302.903
Shahdol, 2012, LST_OCT, 303.7994
Shahdol, 2012, LST_NOV, 300.6092
Shahdol, 2013, LST_JUN, 315.4061
Shahdol, 2013, LST_JUL, 302.5046
Shahdol, 2013, LST_AUG, 301.2943
Shahdol, 2013, LST_SEP, 302.9018
Shahdol, 2013, LST_OCT, 300.8584
Shahdol, 2013, LST_NOV, 299.9917
Shahdol, 2014, LST_JUN, 313.8154
Shahdol, 2014, LST_JUL, 308.3325
Shahdol, 2014, LST_AUG, 305.7766
Shahdol, 2014, LST_SEP, 303.7117
Shahdol, 2014, LST_OCT, 303.2943
Shahdol, 2014, LST_NOV, 301.3119
Shahdol, 2015, LST_JUN, 314.4015
Shahdol, 2015, LST_JUL, 305.4821
Shahdol, 2015, LST_AUG, 305.372
Shahdol, 2015, LST_SEP, 304.1639
Shahdol, 2015, LST_OCT, 306.2856
Shahdol, 2015, LST_NOV, 302.4259
Shahdol, 2016, LST_JUN, 313.9098
Shahdol, 2016, LST_JUL, 303.8424
Shahdol, 2016, LST_AUG, 303.0497
Shahdol, 2016, LST_SEP, 301.9443
Shahdol, 2016, LST_OCT, 302.2333
Shahdol, 2016, LST_NOV, 300.9349
Shahdol, 2017, LST_JUN, 314.1179
Shahdol, 2017, LST_JUL, 303.0743
Shahdol, 2017, LST_AUG, 303.2767
Shahdol, 2017, LST_SEP, 303.6367
Shahdol, 2017, LST_OCT, 304.1978
Shahdol, 2017, LST_NOV, 302.0276
Shahdol, 2018, LST_JUN, 311.7716
Shahdol, 2018, LST_JUL, 306.2731
Shahdol, 2018, LST_AUG, 302.5472
Shahdol, 2018, LST_SEP, 303.935
Shahdol, 2018, LST_OCT, 304.772
Shahdol, 2018, LST_NOV, 302.5591
Shahdol, 2019, LST_JUN, 315.9334
Shahdol, 2019, LST_JUL, 306.4449
Shahdol, 2019, LST_AUG, 302.2381
Shahdol, 2019, LST_SEP, 301.2581
Shahdol, 2019, LST_OCT, 301.8022
Shahdol, 2019, LST_NOV, 301.149
Shajapur, 2010, LST_JUN, 318.6752
Shajapur, 2010, LST_JUL, 309.3383
Shajapur, 2010, LST_AUG, 302.5921
Shajapur, 2010, LST_SEP, 307.416
Shajapur, 2010, LST_OCT, 311.121
Shajapur, 2010, LST_NOV, 307.3219
Shajapur, 2011, LST_JUN, 317.6015
Shajapur, 2011, LST_JUL, 307.449
Shajapur, 2011, LST_AUG, 301.3757
Shajapur, 2011, LST_SEP, 306.2744
Shajapur, 2011, LST_OCT, 311.6197
Shajapur, 2011, LST_NOV, 308.1931
Shajapur, 2012, LST_JUN, 316.3335
Shajapur, 2012, LST_JUL, 311.9759
Shajapur, 2012, LST_AUG, 300.8102
Shajapur, 2012, LST_SEP, 305.5437
Shajapur, 2012, LST_OCT, 311.1582
Shajapur, 2012, LST_NOV, 306.2161
Shajapur, 2013, LST_JUN, 315.6871
Shajapur, 2013, LST_JUL, 308.7664
Shajapur, 2013, LST_AUG, 301.2177
Shajapur, 2013, LST_SEP, 307.7121
Shajapur, 2013, LST_OCT, 309.6123
Shajapur, 2013, LST_NOV, 304.5487
Shajapur, 2014, LST_JUN, 317.5915
Shajapur, 2014, LST_JUL, 314.3579
Shajapur, 2014, LST_AUG, 306.1958
Shajapur, 2014, LST_SEP, 304.8135
Shajapur, 2014, LST_OCT, 310.6424
Shajapur, 2014, LST_NOV, 308.6802
Shajapur, 2015, LST_JUN, 317.7131
Shajapur, 2015, LST_JUL, 306.187
Shajapur, 2015, LST_AUG, 300.6543
Shajapur, 2015, LST_SEP, 308.5306
Shajapur, 2015, LST_OCT, 313.0106
Shajapur, 2015, LST_NOV, 308.2025
Shajapur, 2016, LST_JUN, 317.9154
Shajapur, 2016, LST_JUL, 309.2219
Shajapur, 2016, LST_AUG, 300.4792
Shajapur, 2016, LST_SEP, 306.5801
Shajapur, 2016, LST_OCT, 310.5454
Shajapur, 2016, LST_NOV, 307.4754
Shajapur, 2017, LST_JUN, 315.5339
Shajapur, 2017, LST_JUL, 310.1475
Shajapur, 2017, LST_AUG, 301.3162
Shajapur, 2017, LST_SEP, 306.7672
Shajapur, 2017, LST_OCT, 311.8279
Shajapur, 2017, LST_NOV, 305.7564
Shajapur, 2018, LST_JUN, 313.301
Shajapur, 2018, LST_JUL, 306.6442
Shajapur, 2018, LST_AUG, 299.3736
Shajapur, 2018, LST_SEP, 307.2658
Shajapur, 2018, LST_OCT, 312.0076
Shajapur, 2018, LST_NOV, 306.5812
Shajapur, 2019, LST_JUN, 319.6627
Shajapur, 2019, LST_JUL, 309.9534
Shajapur, 2019, LST_AUG, 300.1485
Shajapur, 2019, LST_SEP, 301.2492
Shajapur, 2019, LST_OCT, 305.4909
Shajapur, 2019, LST_NOV, 305.3049
Sheopur, 2010, LST_JUN, 318.4508
Sheopur, 2010, LST_JUL, 311.314
Sheopur, 2010, LST_AUG, 304.3869
Sheopur, 2010, LST_SEP, 304.3737
Sheopur, 2010, LST_OCT, 307.982
Sheopur, 2010, LST_NOV, 303.1031
Sheopur, 2011, LST_JUN, 317.2827
Sheopur, 2011, LST_JUL, 306.0482
Sheopur, 2011, LST_AUG, 302.2022
Sheopur, 2011, LST_SEP, 304.3434
Sheopur, 2011, LST_OCT, 307.8021
Sheopur, 2011, LST_NOV, 305.2174
Sheopur, 2012, LST_JUN, 315.9805
Sheopur, 2012, LST_JUL, 315.6213
Sheopur, 2012, LST_AUG, 301.6153
Sheopur, 2012, LST_SEP, 304.5097
Sheopur, 2012, LST_OCT, 307.2767
Sheopur, 2012, LST_NOV, 303.13
Sheopur, 2013, LST_JUN, 314.5836
Sheopur, 2013, LST_JUL, 305.2712
Sheopur, 2013, LST_AUG, 302.1304
Sheopur, 2013, LST_SEP, 305.4282
Sheopur, 2013, LST_OCT, 305.5692
Sheopur, 2013, LST_NOV, 302.7072
Sheopur, 2014, LST_JUN, 3.17E+02
Sheopur, 2014, LST_JUL, 313.3319
Sheopur, 2014, LST_AUG, 307.4455
Sheopur, 2014, LST_SEP, 306.1667
Sheopur, 2014, LST_OCT, 308.4728
Sheopur, 2014, LST_NOV, 304.8315
Sheopur, 2015, LST_JUN, 317.7298
Sheopur, 2015, LST_JUL, 308.0138
Sheopur, 2015, LST_AUG, 302.973
Sheopur, 2015, LST_SEP, 308.2349
Sheopur, 2015, LST_OCT, 310.812
Sheopur, 2015, LST_NOV, 305.6513
Sheopur, 2016, LST_JUN, 316.2242
Sheopur, 2016, LST_JUL, 304.6526
Sheopur, 2016, LST_AUG, 301.3107
Sheopur, 2016, LST_SEP, 305.2564
Sheopur, 2016, LST_OCT, 307.1086
Sheopur, 2016, LST_NOV, 304.731
Sheopur, 2017, LST_JUN, 315.8813
Sheopur, 2017, LST_JUL, 310.013
Sheopur, 2017, LST_AUG, 303.4459
Sheopur, 2017, LST_SEP, 307.3368
Sheopur, 2017, LST_OCT, 311.2342
Sheopur, 2017, LST_NOV, 304.8557
Sheopur, 2018, LST_JUN, 312.8493
Sheopur, 2018, LST_JUL, 312.1028
Sheopur, 2018, LST_AUG, 299.4179
Sheopur, 2018, LST_SEP, 302.8868
Sheopur, 2018, LST_OCT, 306.4504
Sheopur, 2018, LST_NOV, 303.5171
Sheopur, 2019, LST_JUN, 317.8004
Sheopur, 2019, LST_JUL, 309.9763
Sheopur, 2019, LST_AUG, 301.9007
Sheopur, 2019, LST_SEP, 302.8997
Sheopur, 2019, LST_OCT, 303.8582
Sheopur, 2019, LST_NOV, 302.5966
Shivpuri, 2010, LST_JUN, 318.6599
Shivpuri, 2010, LST_JUL, 311.0343
Shivpuri, 2010, LST_AUG, 302.6043
Shivpuri, 2010, LST_SEP, 304.2549
Shivpuri, 2010, LST_OCT, 307.7415
Shivpuri, 2010, LST_NOV, 304.4077
Shivpuri, 2011, LST_JUN, 316.6763
Shivpuri, 2011, LST_JUL, 307.1086
Shivpuri, 2011, LST_AUG, 302.6144
Shivpuri, 2011, LST_SEP, 304.4591
Shivpuri, 2011, LST_OCT, 308.1182
Shivpuri, 2011, LST_NOV, 305.7081
Shivpuri, 2012, LST_JUN, 315.5903
Shivpuri, 2012, LST_JUL, 311.7843
Shivpuri, 2012, LST_AUG, 301.8369
Shivpuri, 2012, LST_SEP, 303.8712
Shivpuri, 2012, LST_OCT, 307.1803
Shivpuri, 2012, LST_NOV, 303.9706
Shivpuri, 2013, LST_JUN, 312.9763
Shivpuri, 2013, LST_JUL, 303.9666
Shivpuri, 2013, LST_AUG, 301.6423
Shivpuri, 2013, LST_SEP, 304.4749
Shivpuri, 2013, LST_OCT, 305.9383
Shivpuri, 2013, LST_NOV, 303.1893
Shivpuri, 2014, LST_JUN, 316.7319
Shivpuri, 2014, LST_JUL, 313.3924
Shivpuri, 2014, LST_AUG, 307.3572
Shivpuri, 2014, LST_SEP, 305.8505
Shivpuri, 2014, LST_OCT, 308.6737
Shivpuri, 2014, LST_NOV, 306.1356
Shivpuri, 2015, LST_JUN, 317.4568
Shivpuri, 2015, LST_JUL, 309.1743
Shivpuri, 2015, LST_AUG, 302.9398
Shivpuri, 2015, LST_SEP, 307.8685
Shivpuri, 2015, LST_OCT, 311.1373
Shivpuri, 2015, LST_NOV, 305.99
Shivpuri, 2016, LST_JUN, 315.7396
Shivpuri, 2016, LST_JUL, 305.057
Shivpuri, 2016, LST_AUG, 300.0317
Shivpuri, 2016, LST_SEP, 305.4527
Shivpuri, 2016, LST_OCT, 308.2477
Shivpuri, 2016, LST_NOV, 305.7111
Shivpuri, 2017, LST_JUN, 3.15E+02
Shivpuri, 2017, LST_JUL, 310.8036
Shivpuri, 2017, LST_AUG, 306.3053
Shivpuri, 2017, LST_SEP, 306.1708
Shivpuri, 2017, LST_OCT, 310.1213
Shivpuri, 2017, LST_NOV, 304.8862
Shivpuri, 2018, LST_JUN, 313.4673
Shivpuri, 2018, LST_JUL, 312.1884
Shivpuri, 2018, LST_AUG, 301.5423
Shivpuri, 2018, LST_SEP, 303.5804
Shivpuri, 2018, LST_OCT, 308.0943
Shivpuri, 2018, LST_NOV, 304.5815
Shivpuri, 2019, LST_JUN, 317.4087
Shivpuri, 2019, LST_JUL, 310.7294
Shivpuri, 2019, LST_AUG, 301.1185
Shivpuri, 2019, LST_SEP, 302.6745
Shivpuri, 2019, LST_OCT, 304.2785
Shivpuri, 2019, LST_NOV, 303.1911
Sidhi, 2010, LST_JUN, 316.9489
Sidhi, 2010, LST_JUL, 312.1176
Sidhi, 2010, LST_AUG, 303.7706
Sidhi, 2010, LST_SEP, 303.1042
Sidhi, 2010, LST_OCT, 304.4485
Sidhi, 2010, LST_NOV, 303.1521
Sidhi, 2011, LST_JUN, 316.7575
Sidhi, 2011, LST_JUL, 304.2506
Sidhi, 2011, LST_AUG, 302.7264
Sidhi, 2011, LST_SEP, 302.0715
Sidhi, 2011, LST_OCT, 303.6225
Sidhi, 2011, LST_NOV, 301.6565
Sidhi, 2012, LST_JUN, 315.7846
Sidhi, 2012, LST_JUL, 312.6136
Sidhi, 2012, LST_AUG, 301.9698
Sidhi, 2012, LST_SEP, 302.8306
Sidhi, 2012, LST_OCT, 303.9558
Sidhi, 2012, LST_NOV, 300.2128
Sidhi, 2013, LST_JUN, 314.4793
Sidhi, 2013, LST_JUL, 304.3027
Sidhi, 2013, LST_AUG, 301.2973
Sidhi, 2013, LST_SEP, 303.0082
Sidhi, 2013, LST_OCT, 301.1168
Sidhi, 2013, LST_NOV, 299.9184
Sidhi, 2014, LST_JUN, 313.0544
Sidhi, 2014, LST_JUL, 306.5806
Sidhi, 2014, LST_AUG, 305.6273
Sidhi, 2014, LST_SEP, 304.0697
Sidhi, 2014, LST_OCT, 303.5185
Sidhi, 2014, LST_NOV, 301.1185
Sidhi, 2015, LST_JUN, 315.8056
Sidhi, 2015, LST_JUL, 306.4605
Sidhi, 2015, LST_AUG, 305.2383
Sidhi, 2015, LST_SEP, 304.747
Sidhi, 2015, LST_OCT, 306.3615
Sidhi, 2015, LST_NOV, 302.0065
Sidhi, 2016, LST_JUN, 315.4761
Sidhi, 2016, LST_JUL, 304.8515
Sidhi, 2016, LST_AUG, 302.35
Sidhi, 2016, LST_SEP, 302.4114
Sidhi, 2016, LST_OCT, 302.6446
Sidhi, 2016, LST_NOV, 300.5237
Sidhi, 2017, LST_JUN, 314.6201
Sidhi, 2017, LST_JUL, 305.1779
Sidhi, 2017, LST_AUG, 303.7574
Sidhi, 2017, LST_SEP, 303.8469
Sidhi, 2017, LST_OCT, 304.3824
Sidhi, 2017, LST_NOV, 301.6862
Sidhi, 2018, LST_JUN, 312.193
Sidhi, 2018, LST_JUL, 308.2997
Sidhi, 2018, LST_AUG, 303.2467
Sidhi, 2018, LST_SEP, 303.7393
Sidhi, 2018, LST_OCT, 304.7494
Sidhi, 2018, LST_NOV, 301.9657
Sidhi, 2019, LST_JUN, 316.4164
Sidhi, 2019, LST_JUL, 307.665
Sidhi, 2019, LST_AUG, 303.0883
Sidhi, 2019, LST_SEP, 301.6729
Sidhi, 2019, LST_OCT, 301.849
Sidhi, 2019, LST_NOV, 301.093
Tikamgarh, 2010, LST_JUN, 317.6472
Tikamgarh, 2010, LST_JUL, 312.2973
Tikamgarh, 2010, LST_AUG, 301.7287
Tikamgarh, 2010, LST_SEP, 304.7546
Tikamgarh, 2010, LST_OCT, 308.065
Tikamgarh, 2010, LST_NOV, 305.7911
Tikamgarh, 2011, LST_JUN, 317.0405
Tikamgarh, 2011, LST_JUL, 306.77
Tikamgarh, 2011, LST_AUG, 303.3025
Tikamgarh, 2011, LST_SEP, 305.2187
Tikamgarh, 2011, LST_OCT, 309.1115
Tikamgarh, 2011, LST_NOV, 305.6739
Tikamgarh, 2012, LST_JUN, 316.7956
Tikamgarh, 2012, LST_JUL, 315.3086
Tikamgarh, 2012, LST_AUG, 301.4448
Tikamgarh, 2012, LST_SEP, 304.4819
Tikamgarh, 2012, LST_OCT, 308.695
Tikamgarh, 2012, LST_NOV, 304.1384
Tikamgarh, 2013, LST_JUN, 313.9096
Tikamgarh, 2013, LST_JUL, 304.4565
Tikamgarh, 2013, LST_AUG, 301.4543
Tikamgarh, 2013, LST_SEP, 304.3044
Tikamgarh, 2013, LST_OCT, 306.4498
Tikamgarh, 2013, LST_NOV, 303.1485
Tikamgarh, 2014, LST_JUN, 316.4546
Tikamgarh, 2014, LST_JUL, 313.3243
Tikamgarh, 2014, LST_AUG, 306.2963
Tikamgarh, 2014, LST_SEP, 306.6976
Tikamgarh, 2014, LST_OCT, 309.8025
Tikamgarh, 2014, LST_NOV, 306.5117
Tikamgarh, 2015, LST_JUN, 317.5189
Tikamgarh, 2015, LST_JUL, 307.8457
Tikamgarh, 2015, LST_AUG, 302.1237
Tikamgarh, 2015, LST_SEP, 308.1493
Tikamgarh, 2015, LST_OCT, 312.6323
Tikamgarh, 2015, LST_NOV, 307.4197
Tikamgarh, 2016, LST_JUN, 316.5714
Tikamgarh, 2016, LST_JUL, 306.1856
Tikamgarh, 2016, LST_AUG, 302.5844
Tikamgarh, 2016, LST_SEP, 306.0158
Tikamgarh, 2016, LST_OCT, 309.6993
Tikamgarh, 2016, LST_NOV, 305.5139
Tikamgarh, 2017, LST_JUN, 316.057
Tikamgarh, 2017, LST_JUL, 307.6955
Tikamgarh, 2017, LST_AUG, 304.7708
Tikamgarh, 2017, LST_SEP, 306.1258
Tikamgarh, 2017, LST_OCT, 310.1441
Tikamgarh, 2017, LST_NOV, 305.4278
Tikamgarh, 2018, LST_JUN, 314.5294
Tikamgarh, 2018, LST_JUL, 314.2234
Tikamgarh, 2018, LST_AUG, 301.5566
Tikamgarh, 2018, LST_SEP, 304.5464
Tikamgarh, 2018, LST_OCT, 309.9867
Tikamgarh, 2018, LST_NOV, 305.18
Tikamgarh, 2019, LST_JUN, 318.13
Tikamgarh, 2019, LST_JUL, 310.5459
Tikamgarh, 2019, LST_AUG, 302.1456
Tikamgarh, 2019, LST_SEP, 300.9986
Tikamgarh, 2019, LST_OCT, 305.0228
Tikamgarh, 2019, LST_NOV, 304.3641
Ujjain, 2010, LST_JUN, 317.6947
Ujjain, 2010, LST_JUL, 309.8732
Ujjain, 2010, LST_AUG, 301.5301
Ujjain, 2010, LST_SEP, 307.4829
Ujjain, 2010, LST_OCT, 311.726
Ujjain, 2010, LST_NOV, 307.811
Ujjain, 2011, LST_JUN, 315.4003
Ujjain, 2011, LST_JUL, 307.6975
Ujjain, 2011, LST_AUG, 299.9667
Ujjain, 2011, LST_SEP, 306.7233
Ujjain, 2011, LST_OCT, 312.1055
Ujjain, 2011, LST_NOV, 308.0339
Ujjain, 2012, LST_JUN, 315.4356
Ujjain, 2012, LST_JUL, 308.2442
Ujjain, 2012, LST_AUG, 300.902
Ujjain, 2012, LST_SEP, 305.2661
Ujjain, 2012, LST_OCT, 311.5063
Ujjain, 2012, LST_NOV, 305.8592
Ujjain, 2013, LST_JUN, 313.8304
Ujjain, 2013, LST_JUL, 307.3296
Ujjain, 2013, LST_AUG, 299.0221
Ujjain, 2013, LST_SEP, 307.5641
Ujjain, 2013, LST_OCT, 308.8801
Ujjain, 2013, LST_NOV, 304.3836
Ujjain, 2014, LST_JUN, 315.9794
Ujjain, 2014, LST_JUL, 311.5438
Ujjain, 2014, LST_AUG, 304.0506
Ujjain, 2014, LST_SEP, 303.1463
Ujjain, 2014, LST_OCT, 311.4996
Ujjain, 2014, LST_NOV, 308.8236
Ujjain, 2015, LST_JUN, 317.1185
Ujjain, 2015, LST_JUL, 305.9507
Ujjain, 2015, LST_AUG, 300.4779
Ujjain, 2015, LST_SEP, 308.8035
Ujjain, 2015, LST_OCT, 313.1593
Ujjain, 2015, LST_NOV, 307.6158
Ujjain, 2016, LST_JUN, 317.6817
Ujjain, 2016, LST_JUL, 299.7176
Ujjain, 2016, LST_AUG, 298.2593
Ujjain, 2016, LST_SEP, 305.8775
Ujjain, 2016, LST_OCT, 309.8811
Ujjain, 2016, LST_NOV, 306.5502
Ujjain, 2017, LST_JUN, 313.368
Ujjain, 2017, LST_JUL, 308.7293
Ujjain, 2017, LST_AUG, 299.9811
Ujjain, 2017, LST_SEP, 307.1212
Ujjain, 2017, LST_OCT, 312.0956
Ujjain, 2017, LST_NOV, 305.0289
Ujjain, 2018, LST_JUN, 311.8961
Ujjain, 2018, LST_JUL, 304.8563
Ujjain, 2018, LST_AUG, 295.4349
Ujjain, 2018, LST_SEP, 308.741
Ujjain, 2018, LST_OCT, 312.8948
Ujjain, 2018, LST_NOV, 305.865
Ujjain, 2019, LST_JUN, 318.3706
Ujjain, 2019, LST_JUL, 308.1979
Ujjain, 2019, LST_AUG, 299.1196
Ujjain, 2019, LST_SEP, 300.8408
Ujjain, 2019, LST_OCT, 305.9274
Ujjain, 2019, LST_NOV, 305.138
Umaria, 2010, LST_JUN, 315.8399
Umaria, 2010, LST_JUL, 307.8197
Umaria, 2010, LST_AUG, 303.5582
Umaria, 2010, LST_SEP, 302.8717
Umaria, 2010, LST_OCT, 303.0767
Umaria, 2010, LST_NOV, 301.9159
Umaria, 2011, LST_JUN, 315.0673
Umaria, 2011, LST_JUL, 302.652
Umaria, 2011, LST_AUG, 301.7498
Umaria, 2011, LST_SEP, 302.2793
Umaria, 2011, LST_OCT, 303.7127
Umaria, 2011, LST_NOV, 301.8646
Umaria, 2012, LST_JUN, 314.9473
Umaria, 2012, LST_JUL, 313.8745
Umaria, 2012, LST_AUG, 301.8741
Umaria, 2012, LST_SEP, 303.1419
Umaria, 2012, LST_OCT, 303.8617
Umaria, 2012, LST_NOV, 300.6312
Umaria, 2013, LST_JUN, 315.6913
Umaria, 2013, LST_JUL, 303.1191
Umaria, 2013, LST_AUG, 301.517
Umaria, 2013, LST_SEP, 302.7468
Umaria, 2013, LST_OCT, 301.3351
Umaria, 2013, LST_NOV, 300.2015
Umaria, 2014, LST_JUN, 314.5885
Umaria, 2014, LST_JUL, 308.7537
Umaria, 2014, LST_AUG, 305.7881
Umaria, 2014, LST_SEP, 304.2902
Umaria, 2014, LST_OCT, 303.4757
Umaria, 2014, LST_NOV, 301.5102
Umaria, 2015, LST_JUN, 314.4884
Umaria, 2015, LST_JUL, 304.556
Umaria, 2015, LST_AUG, 305.3517
Umaria, 2015, LST_SEP, 303.8371
Umaria, 2015, LST_OCT, 306.0162
Umaria, 2015, LST_NOV, 301.9604
Umaria, 2016, LST_JUN, 312.8247
Umaria, 2016, LST_JUL, 303.6339
Umaria, 2016, LST_AUG, 303.8379
Umaria, 2016, LST_SEP, 302.415
Umaria, 2016, LST_OCT, 302.3311
Umaria, 2016, LST_NOV, 300.8243
Umaria, 2017, LST_JUN, 313.3379
Umaria, 2017, LST_JUL, 300.7408
Umaria, 2017, LST_AUG, 302.9017
Umaria, 2017, LST_SEP, 303.7618
Umaria, 2017, LST_OCT, 304.6305
Umaria, 2017, LST_NOV, 301.7777
Umaria, 2018, LST_JUN, 313.567
Umaria, 2018, LST_JUL, 308.1258
Umaria, 2018, LST_AUG, 301.7655
Umaria, 2018, LST_SEP, 303.4066
Umaria, 2018, LST_OCT, 304.5592
Umaria, 2018, LST_NOV, 302.1409
Umaria, 2019, LST_JUN, 316.1753
Umaria, 2019, LST_JUL, 305.4671
Umaria, 2019, LST_AUG, 301.6267
Umaria, 2019, LST_SEP, 301.2321
Umaria, 2019, LST_OCT, 301.707
Umaria, 2019, LST_NOV, 301.1878
Vidisha, 2010, LST_JUN, 318.5479
Vidisha, 2010, LST_JUL, 308.9323
Vidisha, 2010, LST_AUG, 301.6433
Vidisha, 2010, LST_SEP, 305.9894
Vidisha, 2010, LST_OCT, 310.044
Vidisha, 2010, LST_NOV, 306.2594
Vidisha, 2011, LST_JUN, 317.2393
Vidisha, 2011, LST_JUL, 306.1254
Vidisha, 2011, LST_AUG, 302.1821
Vidisha, 2011, LST_SEP, 305.0469
Vidisha, 2011, LST_OCT, 310.9698
Vidisha, 2011, LST_NOV, 307.6102
Vidisha, 2012, LST_JUN, 316.7219
Vidisha, 2012, LST_JUL, 315.2643
Vidisha, 2012, LST_AUG, 300.7795
Vidisha, 2012, LST_SEP, 304.9913
Vidisha, 2012, LST_OCT, 311.168
Vidisha, 2012, LST_NOV, 306.5599
Vidisha, 2013, LST_JUN, 317.6755
Vidisha, 2013, LST_JUL, 301.7121
Vidisha, 2013, LST_AUG, 301.5619
Vidisha, 2013, LST_SEP, 306.5002
Vidisha, 2013, LST_OCT, 308.9533
Vidisha, 2013, LST_NOV, 305.4803
Vidisha, 2014, LST_JUN, 317.6807
Vidisha, 2014, LST_JUL, 313.5458
Vidisha, 2014, LST_AUG, 306.8242
Vidisha, 2014, LST_SEP, 305.1402
Vidisha, 2014, LST_OCT, 310.9823
Vidisha, 2014, LST_NOV, 308.3919
Vidisha, 2015, LST_JUN, 318.9769
Vidisha, 2015, LST_JUL, 307.7545
Vidisha, 2015, LST_AUG, 301.5322
Vidisha, 2015, LST_SEP, 306.4188
Vidisha, 2015, LST_OCT, 313.4845
Vidisha, 2015, LST_NOV, 308.0206
Vidisha, 2016, LST_JUN, 317.5336
Vidisha, 2016, LST_JUL, 307.0822
Vidisha, 2016, LST_AUG, 301.8968
Vidisha, 2016, LST_SEP, 305.5013
Vidisha, 2016, LST_OCT, 309.7264
Vidisha, 2016, LST_NOV, 307.2529
Vidisha, 2017, LST_JUN, 314.9415
Vidisha, 2017, LST_JUL, 308.1946
Vidisha, 2017, LST_AUG, 302.2538
Vidisha, 2017, LST_SEP, 306.265
Vidisha, 2017, LST_OCT, 310.9562
Vidisha, 2017, LST_NOV, 306.066
Vidisha, 2018, LST_JUN, 313.6933
Vidisha, 2018, LST_JUL, 308.4886
Vidisha, 2018, LST_AUG, 299.3454
Vidisha, 2018, LST_SEP, 304.9541
Vidisha, 2018, LST_OCT, 311.4669
Vidisha, 2018, LST_NOV, 307.2158
Vidisha, 2019, LST_JUN, 320.4517
Vidisha, 2019, LST_JUL, 309.9442
Vidisha, 2019, LST_AUG, 300.1444
Vidisha, 2019, LST_SEP, 301.9313
Vidisha, 2019, LST_OCT, 305.0126
Vidisha, 2019, LST_NOV, 305.4657
