Domain,Area,Element,Item,Year,Unit,Value
Crops,Anuppur,Yield,Soybean,2010,hg/ha,"4023,14"
Crops,Ashoknagar,Yield,Soybean,2010,hg/ha,"12807,08"
Crops,Balaghat,Yield,Soybean,2010,hg/ha,"17419,35"
Crops,Barwani,Yield,Soybean,2010,hg/ha,"2869,52"
Crops,Betul,Yield,Soybean,2010,hg/ha,"10958,32"
Crops,Bhind,Yield,Soybean,2010,hg/ha,0
Crops,Bhopal,Yield,Soybean,2010,hg/ha,"11564,91"
Crops,Burhanpur,Yield,Soybean,2010,hg/ha,"5201,48"
Crops,Chhatarpur,Yield,Soybean,2010,hg/ha,"4143,52"
Crops,Chhindwara,Yield,Soybean,2010,hg/ha,"19856,65"
Crops,Damoh,Yield,Soybean,2010,hg/ha,"14568,19"
Crops,Datia,Yield,Soybean,2010,hg/ha,"5753,85"
Crops,Dewas,Yield,Soybean,2010,hg/ha,"12512,72"
Crops,Dhar,Yield,Soybean,2010,hg/ha,"13232,57"
Crops,Dindori,Yield,Soybean,2010,hg/ha,"7971,54"
Crops,Guna,Yield,Soybean,2010,hg/ha,"11926,63"
Crops,Gwalior,Yield,Soybean,2010,hg/ha,"15032,41"
Crops,Harda,Yield,Soybean,2010,hg/ha,"13843,4"
Crops,Hoshangabad,Yield,Soybean,2010,hg/ha,"6383,56"
Crops,Indore,Yield,Soybean,2010,hg/ha,"11427,12"
Crops,Jabalpur,Yield,Soybean,2010,hg/ha,"11877,21"
Crops,Jhabua,Yield,Soybean,2010,hg/ha,"7053,96"
Crops,Katni,Yield,Soybean,2010,hg/ha,"4107,58"
Crops,Mandla,Yield,Soybean,2010,hg/ha,"6543,74"
Crops,Mandsaur,Yield,Soybean,2010,hg/ha,"13572,9"
Crops,Morena,Yield,Soybean,2010,hg/ha,"14842,11"
Crops,Narsinghpur,Yield,Soybean,2010,hg/ha,"21956,19"
Crops,Neemuch,Yield,Soybean,2010,hg/ha,"8027,08"
Crops,Panna,Yield,Soybean,2010,hg/ha,"11171,73"
Crops,Raisen,Yield,Soybean,2010,hg/ha,"9176,56"
Crops,Rajgarh,Yield,Soybean,2010,hg/ha,"8645,75"
Crops,Ratlam,Yield,Soybean,2010,hg/ha,"12675,7"
Crops,Rewa,Yield,Soybean,2010,hg/ha,"6897,06"
Crops,Sagar,Yield,Soybean,2010,hg/ha,"8937,82"
Crops,Satna,Yield,Soybean,2010,hg/ha,"5634,15"
Crops,Sehore,Yield,Soybean,2010,hg/ha,"13031,76"
Crops,Seoni,Yield,Soybean,2010,hg/ha,"9434,76"
Crops,Shahdol,Yield,Soybean,2010,hg/ha,"17876,81"
Crops,Shajapur,Yield,Soybean,2010,hg/ha,"11173,24"
Crops,Sheopur,Yield,Soybean,2010,hg/ha,"17289,25"
Crops,Shivpuri,Yield,Soybean,2010,hg/ha,"9989,72"
Crops,Sidhi,Yield,Soybean,2010,hg/ha,"5161,29"
Crops,Tikamgarh,Yield,Soybean,2010,hg/ha,"11452,36"
Crops,Ujjain,Yield,Soybean,2010,hg/ha,"13875,12"
Crops,Umaria,Yield,Soybean,2010,hg/ha,"6754,81"
Crops,Vidisha,Yield,Soybean,2010,hg/ha,"11124,29"
Crops,Anuppur,Yield,Soybean,2011,hg/ha,"4117,31"
Crops,Ashoknagar,Yield,Soybean,2011,hg/ha,"11782,21"
Crops,Balaghat,Yield,Soybean,2011,hg/ha,"16896,55"
Crops,Barwani,Yield,Soybean,2011,hg/ha,"3481,27"
Crops,Betul,Yield,Soybean,2011,hg/ha,"12688,37"
Crops,Bhind,Yield,Soybean,2011,hg/ha,"8235,29"
Crops,Bhopal,Yield,Soybean,2011,hg/ha,"11953,64"
Crops,Burhanpur,Yield,Soybean,2011,hg/ha,"5470,61"
Crops,Chhatarpur,Yield,Soybean,2011,hg/ha,"4164,15"
Crops,Chhindwara,Yield,Soybean,2011,hg/ha,"18026,58"
Crops,Damoh,Yield,Soybean,2011,hg/ha,"12876,31"
Crops,Datia,Yield,Soybean,2011,hg/ha,"6459,8"
Crops,Dewas,Yield,Soybean,2011,hg/ha,"12889,99"
Crops,Dhar,Yield,Soybean,2011,hg/ha,13080
Crops,Dindori,Yield,Soybean,2011,hg/ha,"5579,15"
Crops,Guna,Yield,Soybean,2011,hg/ha,"14020,86"
Crops,Gwalior,Yield,Soybean,2011,hg/ha,"17343,28"
Crops,Harda,Yield,Soybean,2011,hg/ha,"14357,28"
Crops,Hoshangabad,Yield,Soybean,2011,hg/ha,"6410,02"
Crops,Indore,Yield,Soybean,2011,hg/ha,"11610,02"
Crops,Jabalpur,Yield,Soybean,2011,hg/ha,"9553,24"
Crops,Jhabua,Yield,Soybean,2011,hg/ha,"6819,71"
Crops,Katni,Yield,Soybean,2011,hg/ha,4500
Crops,Mandla,Yield,Soybean,2011,hg/ha,"6648,32"
Crops,Mandsaur,Yield,Soybean,2011,hg/ha,13830
Crops,Morena,Yield,Soybean,2011,hg/ha,"12244,9"
Crops,Narsinghpur,Yield,Soybean,2011,hg/ha,"16300,52"
Crops,Neemuch,Yield,Soybean,2011,hg/ha,"8302,24"
Crops,Panna,Yield,Soybean,2011,hg/ha,"6262,08"
Crops,Raisen,Yield,Soybean,2011,hg/ha,"7260,3"
Crops,Rajgarh,Yield,Soybean,2011,hg/ha,"8560,01"
Crops,Ratlam,Yield,Soybean,2011,hg/ha,"12599,99"
Crops,Rewa,Yield,Soybean,2011,hg/ha,"5143,95"
Crops,Sagar,Yield,Soybean,2011,hg/ha,9960
Crops,Satna,Yield,Soybean,2011,hg/ha,"5209,03"
Crops,Sehore,Yield,Soybean,2011,hg/ha,"12351,96"
Crops,Seoni,Yield,Soybean,2011,hg/ha,"9993,86"
Crops,Shahdol,Yield,Soybean,2011,hg/ha,"4488,79"
Crops,Shajapur,Yield,Soybean,2011,hg/ha,"11140,01"
Crops,Sheopur,Yield,Soybean,2011,hg/ha,"10328,77"
Crops,Shivpuri,Yield,Soybean,2011,hg/ha,"10189,81"
Crops,Sidhi,Yield,Soybean,2011,hg/ha,"4455,45"
Crops,Tikamgarh,Yield,Soybean,2011,hg/ha,"7993,53"
Crops,Ujjain,Yield,Soybean,2011,hg/ha,13860
Crops,Umaria,Yield,Soybean,2011,hg/ha,"3497,86"
Crops,Vidisha,Yield,Soybean,2011,hg/ha,"11992,77"
Crops,Anuppur,Yield,Soybean,2012,hg/ha,"9338,63"
Crops,Ashoknagar,Yield,Soybean,2012,hg/ha,"20850,42"
Crops,Balaghat,Yield,Soybean,2012,hg/ha,"13636,36"
Crops,Barwani,Yield,Soybean,2012,hg/ha,"20507,05"
Crops,Betul,Yield,Soybean,2012,hg/ha,"18503,33"
Crops,Bhind,Yield,Soybean,2012,hg/ha,"6666,67"
Crops,Bhopal,Yield,Soybean,2012,hg/ha,"14526,9"
Crops,Burhanpur,Yield,Soybean,2012,hg/ha,"9685,08"
Crops,Chhatarpur,Yield,Soybean,2012,hg/ha,"8442,75"
Crops,Chhindwara,Yield,Soybean,2012,hg/ha,"24885,15"
Crops,Damoh,Yield,Soybean,2012,hg/ha,"12648,43"
Crops,Datia,Yield,Soybean,2012,hg/ha,"9112,5"
Crops,Dewas,Yield,Soybean,2012,hg/ha,15980
Crops,Dhar,Yield,Soybean,2012,hg/ha,"15930,01"
Crops,Dindori,Yield,Soybean,2012,hg/ha,"6004,75"
Crops,Guna,Yield,Soybean,2012,hg/ha,"12760,86"
Crops,Gwalior,Yield,Soybean,2012,hg/ha,"17945,57"
Crops,Harda,Yield,Soybean,2012,hg/ha,"12077,27"
Crops,Hoshangabad,Yield,Soybean,2012,hg/ha,"8619,98"
Crops,Indore,Yield,Soybean,2012,hg/ha,14540
Crops,Jabalpur,Yield,Soybean,2012,hg/ha,"13357,52"
Crops,Jhabua,Yield,Soybean,2012,hg/ha,"9869,64"
Crops,Katni,Yield,Soybean,2012,hg/ha,"7698,21"
Crops,Mandla,Yield,Soybean,2012,hg/ha,"6113,79"
Crops,Mandsaur,Yield,Soybean,2012,hg/ha,17770
Crops,Morena,Yield,Soybean,2012,hg/ha,"12886,9"
Crops,Narsinghpur,Yield,Soybean,2012,hg/ha,"17885,22"
Crops,Neemuch,Yield,Soybean,2012,hg/ha,"15723,25"
Crops,Panna,Yield,Soybean,2012,hg/ha,"8573,69"
Crops,Raisen,Yield,Soybean,2012,hg/ha,"9254,51"
Crops,Rajgarh,Yield,Soybean,2012,hg/ha,12280
Crops,Ratlam,Yield,Soybean,2012,hg/ha,15000
Crops,Rewa,Yield,Soybean,2012,hg/ha,"5832,32"
Crops,Sagar,Yield,Soybean,2012,hg/ha,"13079,99"
Crops,Satna,Yield,Soybean,2012,hg/ha,"5091,43"
Crops,Sehore,Yield,Soybean,2012,hg/ha,"12362,11"
Crops,Seoni,Yield,Soybean,2012,hg/ha,"12411,89"
Crops,Shahdol,Yield,Soybean,2012,hg/ha,"9570,38"
Crops,Shajapur,Yield,Soybean,2012,hg/ha,"13419,99"
Crops,Sheopur,Yield,Soybean,2012,hg/ha,"13031,73"
Crops,Shivpuri,Yield,Soybean,2012,hg/ha,"9113,5"
Crops,Sidhi,Yield,Soybean,2012,hg/ha,"5522,39"
Crops,Tikamgarh,Yield,Soybean,2012,hg/ha,"7098,36"
Crops,Ujjain,Yield,Soybean,2012,hg/ha,14670
Crops,Umaria,Yield,Soybean,2012,hg/ha,"3368,16"
Crops,Vidisha,Yield,Soybean,2012,hg/ha,"11108,8"
Crops,Anuppur,Yield,Soybean,2013,hg/ha,7847
Crops,Ashoknagar,Yield,Soybean,2013,hg/ha,"9358,84"
Crops,Balaghat,Yield,Soybean,2013,hg/ha,"7111,11"
Crops,Barwani,Yield,Soybean,2013,hg/ha,"10459,27"
Crops,Betul,Yield,Soybean,2013,hg/ha,"6297,07"
Crops,Bhind,Yield,Soybean,2013,hg/ha,"11290,32"
Crops,Bhopal,Yield,Soybean,2013,hg/ha,"6350,41"
Crops,Burhanpur,Yield,Soybean,2013,hg/ha,"14307,96"
Crops,Chhatarpur,Yield,Soybean,2013,hg/ha,"5976,76"
Crops,Chhindwara,Yield,Soybean,2013,hg/ha,"7693,42"
Crops,Damoh,Yield,Soybean,2013,hg/ha,"5043,01"
Crops,Datia,Yield,Soybean,2013,hg/ha,"8174,11"
Crops,Dewas,Yield,Soybean,2013,hg/ha,"7620,01"
Crops,Dhar,Yield,Soybean,2013,hg/ha,"14829,99"
Crops,Dindori,Yield,Soybean,2013,hg/ha,"8003,88"
Crops,Guna,Yield,Soybean,2013,hg/ha,"6003,56"
Crops,Gwalior,Yield,Soybean,2013,hg/ha,"13808,08"
Crops,Harda,Yield,Soybean,2013,hg/ha,"2668,29"
Crops,Hoshangabad,Yield,Soybean,2013,hg/ha,"989,99"
Crops,Indore,Yield,Soybean,2013,hg/ha,"10070,02"
Crops,Jabalpur,Yield,Soybean,2013,hg/ha,"2763,9"
Crops,Jhabua,Yield,Soybean,2013,hg/ha,"7821,24"
Crops,Katni,Yield,Soybean,2013,hg/ha,"13333,33"
Crops,Mandla,Yield,Soybean,2013,hg/ha,"685,65"
Crops,Mandsaur,Yield,Soybean,2013,hg/ha,11060
Crops,Morena,Yield,Soybean,2013,hg/ha,"13488,89"
Crops,Narsinghpur,Yield,Soybean,2013,hg/ha,"3937,89"
Crops,Neemuch,Yield,Soybean,2013,hg/ha,"10672,98"
Crops,Panna,Yield,Soybean,2013,hg/ha,"6048,17"
Crops,Raisen,Yield,Soybean,2013,hg/ha,"2408,11"
Crops,Rajgarh,Yield,Soybean,2013,hg/ha,"5770,01"
Crops,Ratlam,Yield,Soybean,2013,hg/ha,"11039,98"
Crops,Rewa,Yield,Soybean,2013,hg/ha,"9405,68"
Crops,Sagar,Yield,Soybean,2013,hg/ha,"4260,01"
Crops,Satna,Yield,Soybean,2013,hg/ha,"2140,14"
Crops,Sehore,Yield,Soybean,2013,hg/ha,"4825,05"
Crops,Seoni,Yield,Soybean,2013,hg/ha,"2579,26"
Crops,Shahdol,Yield,Soybean,2013,hg/ha,"11206,32"
Crops,Shajapur,Yield,Soybean,2013,hg/ha,"7719,99"
Crops,Sheopur,Yield,Soybean,2013,hg/ha,"14052,64"
Crops,Shivpuri,Yield,Soybean,2013,hg/ha,"6287,05"
Crops,Sidhi,Yield,Soybean,2013,hg/ha,"4924,81"
Crops,Tikamgarh,Yield,Soybean,2013,hg/ha,5550
Crops,Ujjain,Yield,Soybean,2013,hg/ha,7820
Crops,Umaria,Yield,Soybean,2013,hg/ha,"1667,19"
Crops,Vidisha,Yield,Soybean,2013,hg/ha,"10117,08"
Crops,Anuppur,Yield,Soybean,2014,hg/ha,"12307,69"
Crops,Ashoknagar,Yield,Soybean,2014,hg/ha,"7272,73"
Crops,Balaghat,Yield,Soybean,2014,hg/ha,"7142,86"
Crops,Barwani,Yield,Soybean,2014,hg/ha,"13333,33"
Crops,Betul,Yield,Soybean,2014,hg/ha,"20638,3"
Crops,Bhind,Yield,Soybean,2014,hg/ha,"9090,91"
Crops,Bhopal,Yield,Soybean,2014,hg/ha,"10363,64"
Crops,Burhanpur,Yield,Soybean,2014,hg/ha,"6296,3"
Crops,Chhatarpur,Yield,Soybean,2014,hg/ha,14375
Crops,Chhindwara,Yield,Soybean,2014,hg/ha,"11717,17"
Crops,Damoh,Yield,Soybean,2014,hg/ha,"11836,73"
Crops,Datia,Yield,Soybean,2014,hg/ha,"12727,27"
Crops,Dewas,Yield,Soybean,2014,hg/ha,"6763,75"
Crops,Dhar,Yield,Soybean,2014,hg/ha,"8959,11"
Crops,Dindori,Yield,Soybean,2014,hg/ha,11000
Crops,Guna,Yield,Soybean,2014,hg/ha,"15874,13"
Crops,Gwalior,Yield,Soybean,2014,hg/ha,"7142,86"
Crops,Harda,Yield,Soybean,2014,hg/ha,"13465,91"
Crops,Hoshangabad,Yield,Soybean,2014,hg/ha,"16507,94"
Crops,Indore,Yield,Soybean,2014,hg/ha,"10585,59"
Crops,Jabalpur,Yield,Soybean,2014,hg/ha,"11860,47"
Crops,Jhabua,Yield,Soybean,2014,hg/ha,"8360,66"
Crops,Katni,Yield,Soybean,2014,hg/ha,10000
Crops,Mandla,Yield,Soybean,2014,hg/ha,"12727,27"
Crops,Mandsaur,Yield,Soybean,2014,hg/ha,"7896,68"
Crops,Morena,Yield,Soybean,2014,hg/ha,10000
Crops,Narsinghpur,Yield,Soybean,2014,hg/ha,"13058,82"
Crops,Neemuch,Yield,Soybean,2014,hg/ha,"8115,94"
Crops,Panna,Yield,Soybean,2014,hg/ha,"11714,29"
Crops,Raisen,Yield,Soybean,2014,hg/ha,"12605,04"
Crops,Rajgarh,Yield,Soybean,2014,hg/ha,"13523,81"
Crops,Ratlam,Yield,Soybean,2014,hg/ha,"8820,96"
Crops,Rewa,Yield,Soybean,2014,hg/ha,"10140,85"
Crops,Sagar,Yield,Soybean,2014,hg/ha,"12617,45"
Crops,Satna,Yield,Soybean,2014,hg/ha,"20416,67"
Crops,Sehore,Yield,Soybean,2014,hg/ha,"13367,88"
Crops,Seoni,Yield,Soybean,2014,hg/ha,12875
Crops,Shahdol,Yield,Soybean,2014,hg/ha,12500
Crops,Shajapur,Yield,Soybean,2014,hg/ha,7800
Crops,Sheopur,Yield,Soybean,2014,hg/ha,"9807,69"
Crops,Shivpuri,Yield,Soybean,2014,hg/ha,"16266,67"
Crops,Sidhi,Yield,Soybean,2014,hg/ha,15000
Crops,Tikamgarh,Yield,Soybean,2014,hg/ha,"16578,95"
Crops,Ujjain,Yield,Soybean,2014,hg/ha,"6928,41"
Crops,Umaria,Yield,Soybean,2014,hg/ha,"11428,57"
Crops,Vidisha,Yield,Soybean,2014,hg/ha,"11686,27"
Crops,Anuppur,Yield,Soybean,2015,hg/ha,5000
Crops,Ashoknagar,Yield,Soybean,2015,hg/ha,"13241,38"
Crops,Balaghat,Yield,Soybean,2015,hg/ha,7800
Crops,Barwani,Yield,Soybean,2015,hg/ha,"10882,35"
Crops,Betul,Yield,Soybean,2015,hg/ha,"4921,26"
Crops,Bhind,Yield,Soybean,2015,hg/ha,10000
Crops,Bhopal,Yield,Soybean,2015,hg/ha,"6288,66"
Crops,Burhanpur,Yield,Soybean,2015,hg/ha,"5263,16"
Crops,Chhatarpur,Yield,Soybean,2015,hg/ha,"10204,08"
Crops,Chhindwara,Yield,Soybean,2015,hg/ha,"8854,17"
Crops,Damoh,Yield,Soybean,2015,hg/ha,"13106,8"
Crops,Datia,Yield,Soybean,2015,hg/ha,"7777,78"
Crops,Dewas,Yield,Soybean,2015,hg/ha,"6231,45"
Crops,Dhar,Yield,Soybean,2015,hg/ha,"13090,28"
Crops,Dindori,Yield,Soybean,2015,hg/ha,11000
Crops,Guna,Yield,Soybean,2015,hg/ha,"6075,95"
Crops,Gwalior,Yield,Soybean,2015,hg/ha,12500
Crops,Harda,Yield,Soybean,2015,hg/ha,"5436,24"
Crops,Hoshangabad,Yield,Soybean,2015,hg/ha,"4629,63"
Crops,Indore,Yield,Soybean,2015,hg/ha,"7623,32"
Crops,Jabalpur,Yield,Soybean,2015,hg/ha,"6666,67"
Crops,Jhabua,Yield,Soybean,2015,hg/ha,"14444,44"
Crops,Katni,Yield,Soybean,2015,hg/ha,10000
Crops,Mandla,Yield,Soybean,2015,hg/ha,"13333,33"
Crops,Mandsaur,Yield,Soybean,2015,hg/ha,"7526,5"
Crops,Morena,Yield,Soybean,2015,hg/ha,"13333,33"
Crops,Narsinghpur,Yield,Soybean,2015,hg/ha,"7205,88"
Crops,Neemuch,Yield,Soybean,2015,hg/ha,"7222,22"
Crops,Panna,Yield,Soybean,2015,hg/ha,"6206,9"
Crops,Raisen,Yield,Soybean,2015,hg/ha,"4468,09"
Crops,Rajgarh,Yield,Soybean,2015,hg/ha,"6076,7"
Crops,Ratlam,Yield,Soybean,2015,hg/ha,"8956,52"
Crops,Rewa,Yield,Soybean,2015,hg/ha,"7037,04"
Crops,Sagar,Yield,Soybean,2015,hg/ha,"7834,39"
Crops,Satna,Yield,Soybean,2015,hg/ha,"4444,44"
Crops,Sehore,Yield,Soybean,2015,hg/ha,"5675,68"
Crops,Seoni,Yield,Soybean,2015,hg/ha,"6363,64"
Crops,Shahdol,Yield,Soybean,2015,hg/ha,"7333,33"
Crops,Shajapur,Yield,Soybean,2015,hg/ha,"7588,93"
Crops,Sheopur,Yield,Soybean,2015,hg/ha,"9767,44"
Crops,Shivpuri,Yield,Soybean,2015,hg/ha,"6687,9"
Crops,Sidhi,Yield,Soybean,2015,hg/ha,"6666,67"
Crops,Tikamgarh,Yield,Soybean,2015,hg/ha,"6170,21"
Crops,Ujjain,Yield,Soybean,2015,hg/ha,"7230,77"
Crops,Umaria,Yield,Soybean,2015,hg/ha,4000
Crops,Vidisha,Yield,Soybean,2015,hg/ha,"6591,64"
Crops,Anuppur,Yield,Soybean,2016,hg/ha,"13333,33"
Crops,Ashoknagar,Yield,Soybean,2016,hg/ha,"6496,35"
Crops,Balaghat,Yield,Soybean,2016,hg/ha,"6363,64"
Crops,Barwani,Yield,Soybean,2016,hg/ha,"14166,67"
Crops,Betul,Yield,Soybean,2016,hg/ha,"13333,33"
Crops,Bhind,Yield,Soybean,2016,hg/ha,"10227,27"
Crops,Bhopal,Yield,Soybean,2016,hg/ha,15000
Crops,Burhanpur,Yield,Soybean,2016,hg/ha,"10714,29"
Crops,Chhatarpur,Yield,Soybean,2016,hg/ha,"13150,68"
Crops,Chhindwara,Yield,Soybean,2016,hg/ha,"8571,43"
Crops,Damoh,Yield,Soybean,2016,hg/ha,"5714,29"
Crops,Datia,Yield,Soybean,2016,hg/ha,"14827,59"
Crops,Dewas,Yield,Soybean,2016,hg/ha,"15986,16"
Crops,Dhar,Yield,Soybean,2016,hg/ha,13000
Crops,Dindori,Yield,Soybean,2016,hg/ha,"8190,48"
Crops,Guna,Yield,Soybean,2016,hg/ha,10000
Crops,Gwalior,Yield,Soybean,2016,hg/ha,"15177,3"
Crops,Harda,Yield,Soybean,2016,hg/ha,"11630,43"
Crops,Hoshangabad,Yield,Soybean,2016,hg/ha,"15882,35"
Crops,Indore,Yield,Soybean,2016,hg/ha,10000
Crops,Jabalpur,Yield,Soybean,2016,hg/ha,"16060,61"
Crops,Jhabua,Yield,Soybean,2016,hg/ha,10000
Crops,Katni,Yield,Soybean,2016,hg/ha,"13734,44"
Crops,Mandla,Yield,Soybean,2016,hg/ha,"13846,15"
Crops,Mandsaur,Yield,Soybean,2016,hg/ha,"15248,23"
Crops,Morena,Yield,Soybean,2016,hg/ha,"8636,36"
Crops,Narsinghpur,Yield,Soybean,2016,hg/ha,"8536,59"
Crops,Neemuch,Yield,Soybean,2016,hg/ha,"11719,75"
Crops,Panna,Yield,Soybean,2016,hg/ha,"14569,89"
Crops,Raisen,Yield,Soybean,2016,hg/ha,"8541,67"
Crops,Rajgarh,Yield,Soybean,2016,hg/ha,"5344,83"
Crops,Ratlam,Yield,Soybean,2016,hg/ha,"7230,77"
Crops,Rewa,Yield,Soybean,2016,hg/ha,"14851,85"
Crops,Sagar,Yield,Soybean,2016,hg/ha,"13846,15"
Crops,Satna,Yield,Soybean,2016,hg/ha,10000
Crops,Sehore,Yield,Soybean,2016,hg/ha,"14879,03"
Crops,Seoni,Yield,Soybean,2016,hg/ha,11500
Crops,Shahdol,Yield,Soybean,2016,hg/ha,"8707,48"
Crops,Shajapur,Yield,Soybean,2016,hg/ha,"9090,91"
Crops,Sheopur,Yield,Soybean,2016,hg/ha,"14662,31"
Crops,Shivpuri,Yield,Soybean,2016,hg/ha,10000
Crops,Sidhi,Yield,Soybean,2016,hg/ha,"5896,55"
Crops,Tikamgarh,Yield,Soybean,2016,hg/ha,"8820,96"
Crops,Ujjain,Yield,Soybean,2016,hg/ha,"16266,67"
Crops,Umaria,Yield,Soybean,2016,hg/ha,"6288,66"
Crops,Vidisha,Yield,Soybean,2016,hg/ha,"5436,24"
Crops,Anuppur,Yield,Soybean,2017,hg/ha,"7736,84"
Crops,Ashoknagar,Yield,Soybean,2017,hg/ha,"10299,72"
Crops,Balaghat,Yield,Soybean,2017,hg/ha,10000
Crops,Barwani,Yield,Soybean,2017,hg/ha,14000
Crops,Betul,Yield,Soybean,2017,hg/ha,"13350,22"
Crops,Bhind,Yield,Soybean,2017,hg/ha,20000
Crops,Bhopal,Yield,Soybean,2017,hg/ha,"9821,43"
Crops,Burhanpur,Yield,Soybean,2017,hg/ha,16720
Crops,Chhatarpur,Yield,Soybean,2017,hg/ha,"8470,78"
Crops,Chhindwara,Yield,Soybean,2017,hg/ha,"17839,29"
Crops,Damoh,Yield,Soybean,2017,hg/ha,"13500,75"
Crops,Datia,Yield,Soybean,2017,hg/ha,"8537,31"
Crops,Dewas,Yield,Soybean,2017,hg/ha,"10200,09"
Crops,Dhar,Yield,Soybean,2017,hg/ha,"12909,85"
Crops,Dindori,Yield,Soybean,2017,hg/ha,"11505,26"
Crops,Guna,Yield,Soybean,2017,hg/ha,"8249,86"
Crops,Gwalior,Yield,Soybean,2017,hg/ha,"15411,76"
Crops,Harda,Yield,Soybean,2017,hg/ha,"7519,97"
Crops,Hoshangabad,Yield,Soybean,2017,hg/ha,"6149,04"
Crops,Indore,Yield,Soybean,2017,hg/ha,"9149,84"
Crops,Jabalpur,Yield,Soybean,2017,hg/ha,"4771,43"
Crops,Jhabua,Yield,Soybean,2017,hg/ha,"14300,31"
Crops,Katni,Yield,Soybean,2017,hg/ha,"14352,94"
Crops,Mandla,Yield,Soybean,2017,hg/ha,"1333,33"
Crops,Mandsaur,Yield,Soybean,2017,hg/ha,"11280,16"
Crops,Morena,Yield,Soybean,2017,hg/ha,"16647,06"
Crops,Narsinghpur,Yield,Soybean,2017,hg/ha,"3131,03"
Crops,Neemuch,Yield,Soybean,2017,hg/ha,"13359,7"
Crops,Panna,Yield,Soybean,2017,hg/ha,"11028,57"
Crops,Raisen,Yield,Soybean,2017,hg/ha,"6100,35"
Crops,Rajgarh,Yield,Soybean,2017,hg/ha,"12449,9"
Crops,Ratlam,Yield,Soybean,2017,hg/ha,"18230,24"
Crops,Rewa,Yield,Soybean,2017,hg/ha,"9141,18"
Crops,Sagar,Yield,Soybean,2017,hg/ha,"5880,2"
Crops,Satna,Yield,Soybean,2017,hg/ha,"5819,4"
Crops,Sehore,Yield,Soybean,2017,hg/ha,8260
Crops,Seoni,Yield,Soybean,2017,hg/ha,"880,65"
Crops,Shahdol,Yield,Soybean,2017,hg/ha,"2191,3"
Crops,Shajapur,Yield,Soybean,2017,hg/ha,"10240,07"
Crops,Sheopur,Yield,Soybean,2017,hg/ha,"7880,52"
Crops,Shivpuri,Yield,Soybean,2017,hg/ha,"7820,57"
Crops,Sidhi,Yield,Soybean,2017,hg/ha,"7476,19"
Crops,Tikamgarh,Yield,Soybean,2017,hg/ha,"5740,43"
Crops,Ujjain,Yield,Soybean,2017,hg/ha,"10469,9"
Crops,Umaria,Yield,Soybean,2017,hg/ha,"7285,71"
Crops,Vidisha,Yield,Soybean,2017,hg/ha,"13550,17"
Crops,Anuppur,Yield,Soybean,2018,hg/ha,"7018,77"
Crops,Ashoknagar,Yield,Soybean,2018,hg/ha,"14909,99"
Crops,Balaghat,Yield,Soybean,2018,hg/ha,10000
Crops,Barwani,Yield,Soybean,2018,hg/ha,"11519,88"
Crops,Betul,Yield,Soybean,2018,hg/ha,"6410,03"
Crops,Bhind,Yield,Soybean,2018,hg/ha,"7619,05"
Crops,Bhopal,Yield,Soybean,2018,hg/ha,"6819,98"
Crops,Burhanpur,Yield,Soybean,2018,hg/ha,"11279,82"
Crops,Chhatarpur,Yield,Soybean,2018,hg/ha,"13159,77"
Crops,Chhindwara,Yield,Soybean,2018,hg/ha,"9039,51"
Crops,Damoh,Yield,Soybean,2018,hg/ha,"9279,86"
Crops,Datia,Yield,Soybean,2018,hg/ha,"7671,84"
Crops,Dewas,Yield,Soybean,2018,hg/ha,"12300,01"
Crops,Dhar,Yield,Soybean,2018,hg/ha,"14850,02"
Crops,Dindori,Yield,Soybean,2018,hg/ha,"8020,5"
Crops,Guna,Yield,Soybean,2018,hg/ha,"10970,01"
Crops,Gwalior,Yield,Soybean,2018,hg/ha,"11657,71"
Crops,Harda,Yield,Soybean,2018,hg/ha,"9859,98"
Crops,Hoshangabad,Yield,Soybean,2018,hg/ha,10320
Crops,Indore,Yield,Soybean,2018,hg/ha,"14910,02"
Crops,Jabalpur,Yield,Soybean,2018,hg/ha,"9090,91"
Crops,Jhabua,Yield,Soybean,2018,hg/ha,"8559,98"
Crops,Katni,Yield,Soybean,2018,hg/ha,11875
Crops,Mandla,Yield,Soybean,2018,hg/ha,"10769,23"
Crops,Mandsaur,Yield,Soybean,2018,hg/ha,8750
Crops,Morena,Yield,Soybean,2018,hg/ha,"11590,04"
Crops,Narsinghpur,Yield,Soybean,2018,hg/ha,"7569,76"
Crops,Neemuch,Yield,Soybean,2018,hg/ha,"8360,01"
Crops,Panna,Yield,Soybean,2018,hg/ha,"9236,64"
Crops,Raisen,Yield,Soybean,2018,hg/ha,"4529,95"
Crops,Rajgarh,Yield,Soybean,2018,hg/ha,"9349,99"
Crops,Ratlam,Yield,Soybean,2018,hg/ha,"9600,01"
Crops,Rewa,Yield,Soybean,2018,hg/ha,"7518,21"
Crops,Sagar,Yield,Soybean,2018,hg/ha,"10150,02"
Crops,Satna,Yield,Soybean,2018,hg/ha,"4020,2"
Crops,Sehore,Yield,Soybean,2018,hg/ha,11660
Crops,Seoni,Yield,Soybean,2018,hg/ha,"9204,04"
Crops,Shahdol,Yield,Soybean,2018,hg/ha,"6319,17"
Crops,Shajapur,Yield,Soybean,2018,hg/ha,13410
Crops,Sheopur,Yield,Soybean,2018,hg/ha,"12380,06"
Crops,Shivpuri,Yield,Soybean,2018,hg/ha,"7429,96"
Crops,Sidhi,Yield,Soybean,2018,hg/ha,"5172,41"
Crops,Tikamgarh,Yield,Soybean,2018,hg/ha,"6520,14"
Crops,Ujjain,Yield,Soybean,2018,hg/ha,"12860,03"
Crops,Umaria,Yield,Soybean,2018,hg/ha,"6273,04"
Crops,Vidisha,Yield,Soybean,2018,hg/ha,9510
Crops,Anuppur,Yield,Soybean,2019,hg/ha,"7228,99"
Crops,Ashoknagar,Yield,Soybean,2019,hg/ha,"12820,01"
Crops,Balaghat,Yield,Soybean,2019,hg/ha,10000
Crops,Barwani,Yield,Soybean,2019,hg/ha,"9779,96"
Crops,Betul,Yield,Soybean,2019,hg/ha,"3930,12"
Crops,Bhind,Yield,Soybean,2019,hg/ha,"7297,3"
Crops,Bhopal,Yield,Soybean,2019,hg/ha,"6930,03"
Crops,Burhanpur,Yield,Soybean,2019,hg/ha,"9449,86"
Crops,Chhatarpur,Yield,Soybean,2019,hg/ha,"4409,99"
Crops,Chhindwara,Yield,Soybean,2019,hg/ha,"12119,7"
Crops,Damoh,Yield,Soybean,2019,hg/ha,"6669,97"
Crops,Datia,Yield,Soybean,2019,hg/ha,"7731,09"
Crops,Dewas,Yield,Soybean,2019,hg/ha,"6619,99"
Crops,Dhar,Yield,Soybean,2019,hg/ha,"9799,99"
Crops,Dindori,Yield,Soybean,2019,hg/ha,"6470,27"
Crops,Guna,Yield,Soybean,2019,hg/ha,"5249,99"
Crops,Gwalior,Yield,Soybean,2019,hg/ha,"10238,81"
Crops,Harda,Yield,Soybean,2019,hg/ha,"5460,03"
Crops,Hoshangabad,Yield,Soybean,2019,hg/ha,"6630,03"
Crops,Indore,Yield,Soybean,2019,hg/ha,"14970,01"
Crops,Jabalpur,Yield,Soybean,2019,hg/ha,9200
Crops,Jhabua,Yield,Soybean,2019,hg/ha,"7580,02"
Crops,Katni,Yield,Soybean,2019,hg/ha,10000
Crops,Mandla,Yield,Soybean,2019,hg/ha,"6039,6"
Crops,Mandsaur,Yield,Soybean,2019,hg/ha,3600
Crops,Morena,Yield,Soybean,2019,hg/ha,"10255,47"
Crops,Narsinghpur,Yield,Soybean,2019,hg/ha,"7049,89"
Crops,Neemuch,Yield,Soybean,2019,hg/ha,"2800,01"
Crops,Panna,Yield,Soybean,2019,hg/ha,"8329,12"
Crops,Raisen,Yield,Soybean,2019,hg/ha,"4489,95"
Crops,Rajgarh,Yield,Soybean,2019,hg/ha,3860
Crops,Ratlam,Yield,Soybean,2019,hg/ha,6440
Crops,Rewa,Yield,Soybean,2019,hg/ha,"6303,21"
Crops,Sagar,Yield,Soybean,2019,hg/ha,"5600,01"
Crops,Satna,Yield,Soybean,2019,hg/ha,"2019,81"
Crops,Sehore,Yield,Soybean,2019,hg/ha,4990
Crops,Seoni,Yield,Soybean,2019,hg/ha,"7621,48"
Crops,Shahdol,Yield,Soybean,2019,hg/ha,"9270,78"
Crops,Shajapur,Yield,Soybean,2019,hg/ha,3780
Crops,Sheopur,Yield,Soybean,2019,hg/ha,"8989,87"
Crops,Shivpuri,Yield,Soybean,2019,hg/ha,8120
Crops,Sidhi,Yield,Soybean,2019,hg/ha,"3636,36"
Crops,Tikamgarh,Yield,Soybean,2019,hg/ha,"4189,92"
Crops,Ujjain,Yield,Soybean,2019,hg/ha,"4660,01"
Crops,Umaria,Yield,Soybean,2019,hg/ha,"4932,89"
Crops,Vidisha,Yield,Soybean,2019,hg/ha,"5760,01"